Frame_Number,Track_ID,Center_X,Center_Y,Right_X,Right_Y,Angle_A_deg,A_px,Angle_B_deg,C_px,Pair_Score,Pair_Count,Binary_Threshold,Blur_Size,Min_Area_px2,Max_Area_px2,Max_Width_px,Max_Radial_Gap_px,Max_Angle_Diff_deg,Max_Center_Offset_px,Weight_Angle,Weight_Area,Weight_Center,Min_Score_Threshold
0,1,340,293,366,324,50.78239232236404,112.29425630903836,50.578636255393384,152.75143207184672,0.6933,2,70,1,3,200,100,120.0,3.0,15.0,0.35,0.35,0.3,0.25255474452554744
0,2,347,294,374,324,48.447386851865204,117.5925167687128,48.33633670221332,157.95252451290546,0.7807,2,70,1,3,200,100,120.0,3.0,15.0,0.35,0.35,0.3,0.25255474452554744
1,1,338,291,362,321,50.931526924919766,109.48059188732951,51.03768252142289,147.898613921835,0.7169,2,70,1,3,200,100,120.0,3.0,15.0,0.35,0.35,0.3,0.25255474452554744
1,2,345,292,371,322,48.53229458389089,114.76933388322858,48.67449952082966,154.46682491719702,0.7802,2,70,1,3,200,100,120.0,3.0,15.0,0.35,0.35,0.3,0.25255474452554744
2,1,335,289,357,318,51.50895644050257,106.04244433244644,51.84277341263094,142.43595051811886,0.677,2,70,1,3,200,100,120.0,3.0,15.0,0.35,0.35,0.3,0.25255474452554744
2,2,342,290,367,318,49.007804542372334,111.28791488746656,48.81407483429036,148.8220413782851,0.7591,2,70,1,3,200,100,120.0,3.0,15.0,0.35,0.35,0.3,0.25255474452554744
3,1,323,283,344,310,54.958070598460985,94.04786015641186,54.20259697202166,128.22246293064254,0.5272,1,70,1,3,200,100,120.0,3.0,15.0,0.35,0.35,0.3,0.25255474452554744
4,1,322,282,340,308,55.10929849249518,92.65527507918802,55.15905599584681,124.27791436936813,0.7144,2,70,1,3,200,100,120.0,3.0,15.0,0.35,0.35,0.3,0.25255474452554744
4,2,329,283,348,309,52.07353767496138,97.6165969494942,52.512144103052755,129.80754985747168,0.6747,2,70,1,3,200,100,120.0,3.0,15.0,0.35,0.35,0.3,0.25255474452554744
5,1,319,281,336,307,56.309932474020215,90.13878188659973,56.44104386876742,121.2023102090055,0.7149,2,70,1,3,200,100,120.0,3.0,15.0,0.35,0.35,0.3,0.25255474452554744
5,2,326,282,344,307,53.13010235415598,95.0,53.403371090560825,125.80143083447024,0.7942,2,70,1,3,200,100,120.0,3.0,15.0,0.35,0.35,0.3,0.25255474452554744
6,1,309,281,325,306,61.92751306414704,85.0,60.751173663453024,114.61239025515522,0.474,1,70,1,3,200,100,120.0,3.0,15.0,0.35,0.35,0.3,0.25255474452554744
7,1,307,280,319,304,62.81888891452278,83.18653737234169,62.96913974015701,110.01818031580054,0.7715,2,70,1,3,200,100,120.0,3.0,15.0,0.35,0.35,0.3,0.25255474452554744
7,2,314,281,327,305,59.03624346792648,87.46427842267951,59.635728999839664,114.73883387938018,0.6781,2,70,1,3,200,100,120.0,3.0,15.0,0.35,0.35,0.3,0.25255474452554744
8,1,307,279,318,303,62.500861268952846,82.29823813423954,63.1991650530454,108.67382389517726,0.6533,2,70,1,3,200,100,120.0,3.0,15.0,0.35,0.35,0.3,0.25255474452554744
8,2,314,280,327,304,58.69587650440903,86.6083136886985,59.381394591090604,113.87712676389407,0.6391,2,70,1,3,200,100,120.0,3.0,15.0,0.35,0.35,0.3,0.25255474452554744
9,1,307,279,319,303,62.500861268952846,82.29823813423954,62.730528011541935,109.12836478203089,0.7236,2,70,1,3,200,100,120.0,3.0,15.0,0.35,0.35,0.3,0.25255474452554744
9,2,314,280,328,303,58.69587650440903,86.6083136886985,58.69004961746551,113.53413583587978,0.8077,2,70,1,3,200,100,120.0,3.0,15.0,0.35,0.35,0.3,0.25255474452554744
10,2,311,283,325,308,61.38954033403479,87.70974860299168,61.232350661156204,116.36150566231085,0.769,2,70,1,3,200,100,120.0,3.0,15.0,0.35,0.35,0.3,0.25255474452554744
10,1,319,284,334,309,57.33908727832619,92.64987857520376,57.74528947313286,121.79490958164057,0.6695,2,70,1,3,200,100,120.0,3.0,15.0,0.35,0.35,0.3,0.25255474452554744
11,2,313,285,328,311,60.88385373392108,90.4267659490264,60.66816042175248,120.44085685513866,0.7259,2,70,1,3,200,100,120.0,3.0,15.0,0.35,0.35,0.3,0.25255474452554744
11,1,320,285,337,312,57.154941697222235,94.03190947758107,57.319445256636605,125.93649193144932,0.7769,2,70,1,3,200,100,120.0,3.0,15.0,0.35,0.35,0.3,0.25255474452554744
12,2,313,283,328,309,60.25511870305778,88.68483523128404,60.19524852681989,118.70130580579136,0.8107,2,70,1,3,200,100,120.0,3.0,15.0,0.35,0.35,0.3,0.25255474452554744
12,1,320,284,337,310,56.82148834060726,93.1933474020544,56.82148834060726,124.25779653607253,0.8174,2,70,1,3,200,100,120.0,3.0,15.0,0.35,0.35,0.3,0.25255474452554744
13,1,310,281,324,306,61.33604288971847,85.47514258543241,61.189206257026946,114.12712210513327,0.7366,2,70,1,3,200,100,120.0,3.0,15.0,0.35,0.35,0.3,0.25255474452554744
13,2,318,282,333,307,57.188633201931886,90.4267659490264,57.63906244063011,119.57006314291216,0.6865,2,70,1,3,200,100,120.0,3.0,15.0,0.35,0.35,0.3,0.25255474452554744
14,1,312,281,327,306,60.17291534552527,86.45229898620394,59.88626684901757,115.6027681329474,0.7403,2,70,1,3,200,100,120.0,3.0,15.0,0.35,0.35,0.3,0.25255474452554744
14,2,319,281,335,307,56.309932474020215,90.13878188659973,56.83677536786273,120.65239326262865,0.6558,2,70,1,3,200,100,120.0,3.0,15.0,0.35,0.35,0.3,0.25255474452554744
15,1,310,279,324,304,60.67952412241925,83.72574275573791,60.69779251786132,112.37882362794157,0.7804,2,70,1,3,200,100,120.0,3.0,15.0,0.35,0.35,0.3,0.25255474452554744
15,2,317,280,333,305,57.03059609653788,88.20430828479978,57.118760334725195,117.88553770501282,0.7689,2,70,1,3,200,100,120.0,3.0,15.0,0.35,0.35,0.3,0.25255474452554744
16,2,307,278,319,302,62.17590361574674,81.41252974819048,62.487997376148556,108.24047302187847,0.6778,2,70,1,3,200,100,120.0,3.0,15.0,0.35,0.35,0.3,0.25255474452554744
16,1,313,278,328,303,58.57043438516149,84.38009243891595,58.69004961746551,113.53413583587978,0.8148,2,70,1,3,200,100,120.0,3.0,15.0,0.35,0.35,0.3,0.25255474452554744
17,2,307,278,321,304,62.17590361574674,81.41252974819048,62.049030972109826,110.9414259868693,0.7638,2,70,1,3,200,100,120.0,3.0,15.0,0.35,0.35,0.3,0.25255474452554744
17,1,314,279,330,304,58.348727113287374,85.75546629807339,58.09984308226628,115.43396380615195,0.8059,2,70,1,3,200,100,120.0,3.0,15.0,0.35,0.35,0.3,0.25255474452554744
18,2,311,280,325,306,60.42216131873867,85.0881895447306,60.751173663453024,114.61239025515522,0.7112,2,70,1,3,200,100,120.0,3.0,15.0,0.35,0.35,0.3,0.25255474452554744
18,1,318,281,334,307,56.84207611532777,89.58794561770016,57.23611150941634,120.10828447696687,0.6773,2,70,1,3,200,100,120.0,3.0,15.0,0.35,0.35,0.3,0.25255474452554744
19,2,315,281,331,308,58.47782275324133,87.98295289429652,58.70696100407981,119.36498649101419,0.7026,2,70,1,3,200,100,120.0,3.0,15.0,0.35,0.35,0.3,0.25255474452554744
19,1,322,282,339,309,55.10929849249518,92.65527507918802,55.799515869731465,124.53513560437472,0.599,2,70,1,3,200,100,120.0,3.0,15.0,0.35,0.35,0.3,0.25255474452554744
20,1,315,283,331,311,59.145795494103,89.69392398596462,59.43916073262847,121.93850909372314,0.661,2,70,1,3,200,100,120.0,3.0,15.0,0.35,0.35,0.3,0.25255474452554744
20,2,321,283,340,311,55.96787218266168,92.91393867445294,55.93381678575579,126.75172582651489,0.7505,2,70,1,3,200,100,120.0,3.0,15.0,0.35,0.35,0.3,0.25255474452554744
21,2,320,285,343,315,57.154941697222235,94.03190947758107,55.82745310382539,131.7459676802292,0.4104,1,70,1,3,200,100,120.0,3.0,15.0,0.35,0.35,0.3,0.25255474452554744
22,2,325,284,347,314,54.32359177813802,96.02083107326243,54.16234704572171,133.2216198670471,0.7256,2,70,1,3,200,100,120.0,3.0,15.0,0.35,0.35,0.3,0.25255474452554744
22,1,332,285,356,315,51.428747748829856,101.04454463255303,51.40435272638415,139.46325680981354,0.819,2,70,1,3,200,100,120.0,3.0,15.0,0.35,0.35,0.3,0.25255474452554744
23,2,331,284,356,313,51.519801751656985,99.6393496566492,50.88598783302827,137.90576492663388,0.6291,2,70,1,3,200,100,120.0,3.0,15.0,0.35,0.35,0.3,0.25255474452554744
23,1,338,284,365,314,48.50353164478446,104.1393297462587,48.366460663429805,144.49913494550754,0.7809,2,70,1,3,200,100,120.0,3.0,15.0,0.35,0.35,0.3,0.25255474452554744
24,2,334,282,361,311,49.460848258516556,100.00499987500625,48.77546582428982,139.6030085635693,0.6121,2,70,1,3,200,100,120.0,3.0,15.0,0.35,0.35,0.3,0.25255474452554744
24,1,341,283,369,311,46.921955958931434,105.41821474489122,46.39718102729638,145.0,0.6384,2,70,1,3,200,100,120.0,3.0,15.0,0.35,0.35,0.3,0.25255474452554744
25,2,337,280,363,307,47.41950921665634,100.4987562112089,47.055888785004676,137.97463535012514,0.6324,2,70,1,3,200,100,120.0,3.0,15.0,0.35,0.35,0.3,0.25255474452554744
25,1,343,280,372,308,45.0,104.65180361560904,44.72051060945526,144.9586147836685,0.7398,2,70,1,3,200,100,120.0,3.0,15.0,0.35,0.35,0.3,0.25255474452554744
26,1,348,280,373,307,43.128255034711245,108.2450922675019,44.16158502559788,144.97241116847025,0.4513,1,70,1,3,200,100,120.0,3.0,15.0,0.35,0.35,0.3,0.25255474452554744
27,1,363,285,395,315,40.04455105994776,122.78843593759146,40.862406415855894,166.6043216726385,0.4888,1,70,1,3,200,100,120.0,3.0,15.0,0.35,0.35,0.3,0.25255474452554744
28,1,364,285,401,314,39.746197248737744,123.5556554755791,39.28940686250036,170.55204484262273,0.6229,2,70,1,3,200,100,120.0,3.0,15.0,0.35,0.35,0.3,0.25255474452554744
28,3,371,286,410,315,38.10757687751486,129.63024338479042,37.705803691459145,178.21896644296868,0.6791,2,70,1,3,200,100,120.0,3.0,15.0,0.35,0.35,0.3,0.25255474452554744
29,3,380,286,418,315,35.78107386189255,136.82470537150812,36.1870983622556,184.6131089603336,0.5766,1,70,1,3,200,100,120.0,3.0,15.0,0.35,0.35,0.3,0.25255474452554744
30,3,386,286,431,314,34.362785490709925,141.73566946961517,33.690067525979785,194.6997688750554,0.6219,1,70,1,3,200,100,120.0,3.0,15.0,0.35,0.35,0.3,0.25255474452554744
31,1,388,282,432,308,32.56455849747235,141.19844191774922,32.03696852986359,192.28364465029262,0.6104,2,70,1,3,200,100,120.0,3.0,15.0,0.35,0.35,0.3,0.25255474452554744
31,3,395,282,441,309,31.09731288577945,147.14618581533128,30.914743901160413,200.48191938426766,0.7218,2,70,1,3,200,100,120.0,3.0,15.0,0.35,0.35,0.3,0.25255474452554744
32,1,390,278,433,301,30.754394079558615,140.80127840328723,30.082352535491385,189.52836199366047,0.5682,2,70,1,3,200,100,120.0,3.0,15.0,0.35,0.35,0.3,0.25255474452554744
32,3,396,278,441,302,29.55016401934344,145.98972566588375,29.167613379577798,196.9771560359221,0.6322,2,70,1,3,200,100,120.0,3.0,15.0,0.35,0.35,0.3,0.25255474452554744
33,3,399,277,444,301,28.64133023383634,148.12494725737457,28.495638618244982,199.12307751739877,0.707,2,70,1,3,200,100,120.0,3.0,15.0,0.35,0.35,0.3,0.25255474452554744
33,1,406,278,453,301,27.724056235971393,154.76756766196203,27.307503520738553,207.07728026029315,0.62,2,70,1,3,200,100,120.0,3.0,15.0,0.35,0.35,0.3,0.25255474452554744
34,1,407,278,456,301,27.5528115767178,155.65346125287417,26.931543702158926,209.74746720759228,0.6087,1,70,1,3,200,100,120.0,3.0,15.0,0.35,0.35,0.3,0.25255474452554744
35,1,414,277,463,300,26.088919925436137,161.44968256394932,25.851862542060402,215.5736533067063,0.7091,1,70,1,3,200,100,120.0,3.0,15.0,0.35,0.35,0.3,0.25255474452554744
36,1,421,276,472,297,24.727314386690136,167.3439571660716,24.145541960421653,222.46348014898985,0.6585,1,70,1,3,200,100,120.0,3.0,15.0,0.35,0.35,0.3,0.25255474452554744
37,1,428,277,482,300,24.062714725725343,174.13213373757299,23.812565776809304,232.81967270830015,0.6933,2,70,1,3,200,100,120.0,3.0,15.0,0.35,0.35,0.3,0.25255474452554744
37,4,435,279,490,301,23.737926598916715,181.34221791960084,23.26114046643323,240.55352834660314,0.5593,2,70,1,3,200,100,120.0,3.0,15.0,0.35,0.35,0.3,0.25255474452554744
38,1,429,276,482,299,23.629377730656817,174.64249196572982,23.587030525128238,232.41772737895877,0.7987,2,70,1,3,200,100,120.0,3.0,15.0,0.35,0.35,0.3,0.25255474452554744
38,4,436,278,490,299,23.32269670116986,181.8598361376145,22.822062881390856,239.77072381756702,0.5897,2,70,1,3,200,100,120.0,3.0,15.0,0.35,0.35,0.3,0.25255474452554744
39,1,433,276,487,297,23.114207983326832,178.31432920547917,22.6571790290647,236.23081932719955,0.5942,2,70,1,3,200,100,120.0,3.0,15.0,0.35,0.35,0.3,0.25255474452554744
39,4,440,276,496,298,22.262069144125615,184.77283350103176,22.062040499181528,244.9346851713738,0.7222,2,70,1,3,200,100,120.0,3.0,15.0,0.35,0.35,0.3,0.25255474452554744
40,4,446,274,499,293,21.015816297373775,189.61276328348785,20.719669085614893,245.9044529893674,0.5716,1,70,1,3,200,100,120.0,3.0,15.0,0.35,0.35,0.3,0.25255474452554744
41,4,445,269,512,289,19.69505886886373,186.93581786270923,18.85830894683338,256.78395588509807,0.5894,1,70,1,3,200,100,120.0,3.0,15.0,0.35,0.35,0.3,0.25255474452554744
42,4,446,261,506,277,17.26182037161276,185.34832073693033,16.677062361500187,247.40654801358835,0.5185,1,70,1,3,200,100,120.0,3.0,15.0,0.35,0.35,0.3,0.25255474452554744
43,4,444,258,504,272,16.548940854971335,182.56231812726304,15.687453785300336,244.09219569662608,0.4891,1,70,1,3,200,100,120.0,3.0,15.0,0.35,0.35,0.3,0.25255474452554744
44,4,441,255,499,269,15.901389934527437,178.84350701101786,15.318335793454574,238.47222060441337,0.5485,1,70,1,3,200,100,120.0,3.0,15.0,0.35,0.35,0.3,0.25255474452554744
45,4,445,254,503,267,15.255118703057777,182.42806801586207,14.610906038225425,241.82018112638985,0.5291,1,70,1,3,200,100,120.0,3.0,15.0,0.35,0.35,0.3,0.25255474452554744
46,4,449,248,507,259,13.134022306396323,184.83506160899236,12.554295153872955,243.82985871299684,0.621,1,70,1,3,200,100,120.0,3.0,15.0,0.35,0.35,0.3,0.25255474452554744
47,4,465,247,530,259,11.814975236223228,200.24235316236172,11.478697168612872,266.32686683847726,0.7631,1,70,1,3,200,100,120.0,3.0,15.0,0.35,0.35,0.3,0.25255474452554744
48,4,471,247,536,257,11.47347849848311,206.11889772653063,10.813877513624963,271.82715096178305,0.5324,2,70,1,3,200,100,120.0,3.0,15.0,0.35,0.35,0.3,0.25255474452554744
48,5,478,248,544,259,11.362642467901845,213.17832910500073,10.908708083540807,280.0607077045975,0.5869,2,70,1,3,200,100,120.0,3.0,15.0,0.35,0.35,0.3,0.25255474452554744
49,4,473,242,539,251,10.007979801441337,207.15211801958483,9.462322208025617,273.72431386341987,0.7742,2,70,1,3,200,100,120.0,3.0,15.0,0.35,0.35,0.3,0.25255474452554744
49,5,481,244,547,253,10.162083194000758,215.37873618349607,9.595956436874104,281.94503010338735,0.5438,2,70,1,3,200,100,120.0,3.0,15.0,0.35,0.35,0.3,0.25255474452554744
50,5,474,234,549,243,7.777637890129327,206.90335908341362,7.527615112420289,282.4340631014609,0.8112,1,70,1,3,200,100,120.0,3.0,15.0,0.35,0.35,0.3,0.25255474452554744
51,5,469,225,535,229,5.42681249857282,200.90047287151916,4.941855049173352,266.9925092582187,0.6358,1,70,1,3,200,100,120.0,3.0,15.0,0.35,0.35,0.3,0.25255474452554744
52,5,462,218,524,219,3.557851866118088,193.3726971420733,2.9184347207815593,255.3311575190149,0.6187,2,70,1,3,200,100,120.0,3.0,15.0,0.35,0.35,0.3,0.25255474452554744
52,4,470,219,532,220,3.7005430551783416,201.41995928904365,3.0470895033857404,263.3723599772763,0.4892,2,70,1,3,200,100,120.0,3.0,15.0,0.35,0.35,0.3,0.25255474452554744
54,4,458,196,526,192,356.9713014216594,189.2643653728826,356.8819109979547,257.381040482783,0.836,1,70,1,3,200,100,120.0,3.0,15.0,0.35,0.35,0.3,0.25255474452554744
55,4,463,196,533,192,357.04922089099364,194.25756098540927,356.9644308749444,264.3709515056448,0.9684,1,70,1,3,200,100,120.0,3.0,15.0,0.35,0.35,0.3,0.25255474452554744
56,4,466,194,537,189,356.51420881687784,197.36514383244068,356.3704291436788,268.5386378158644,0.8759,1,70,1,3,200,100,120.0,3.0,15.0,0.35,0.35,0.3,0.25255474452554744
57,4,470,187,543,180,354.60002657667496,201.89601283829256,354.57940471623766,275.230812228573,0.9455,1,70,1,3,200,100,120.0,3.0,15.0,0.35,0.35,0.3,0.25255474452554744
58,4,474,183,549,174,353.5984637598503,206.2862089428181,353.480198248343,281.82263926093657,0.8908,1,70,1,3,200,100,120.0,3.0,15.0,0.35,0.35,0.3,0.25255474452554744
59,4,479,181,557,172,353.2110254255612,211.482859825566,353.2670786731404,290.0,0.9782,1,70,1,3,200,100,120.0,3.0,15.0,0.35,0.35,0.3,0.25255474452554744
60,4,480,175,558,164,351.6419315563,213.2650932525058,351.7311672159564,292.0359566902678,0.895,1,70,1,3,200,100,120.0,3.0,15.0,0.35,0.35,0.3,0.25255474452554744
61,4,480,170,558,156,350.31764899835184,214.04905979704745,350.18440111724635,293.29336848964044,0.8776,1,70,1,3,200,100,120.0,3.0,15.0,0.35,0.35,0.3,0.25255474452554744
62,4,476,157,554,139,346.68236602705065,212.72047386182646,346.7706859871759,292.76953393411685,0.8384,1,70,1,3,200,100,120.0,3.0,15.0,0.35,0.35,0.3,0.25255474452554744
63,4,479,155,557,136,346.349580865243,216.10414156142403,346.3388462930945,296.3848849047468,0.9608,1,70,1,3,200,100,120.0,3.0,15.0,0.35,0.35,0.3,0.25255474452554744
64,4,487,159,569,143,347.83346622453433,223.00896842952304,348.14022087905204,306.54363474063524,0.7716,1,70,1,3,200,100,120.0,3.0,15.0,0.35,0.35,0.3,0.25255474452554744
65,4,487,157,569,139,347.3321251379374,223.4390297150433,347.4105404650423,307.3906309567681,0.9685,1,70,1,3,200,100,120.0,3.0,15.0,0.35,0.35,0.3,0.25255474452554744
66,4,489,156,572,138,347.19573393471325,225.61028345356956,347.351117483375,310.53663229963706,0.908,1,70,1,3,200,100,120.0,3.0,15.0,0.35,0.35,0.3,0.25255474452554744
67,4,490,155,573,138,347.0053832080835,226.80828909014767,347.3913932066338,311.5124395590006,0.7376,1,70,1,3,200,100,120.0,3.0,15.0,0.35,0.35,0.3,0.25255474452554744
68,4,492,157,576,140,347.607286523054,228.31995094603536,347.86701175905796,314.0143308831621,0.7323,1,70,1,3,200,100,120.0,3.0,15.0,0.35,0.35,0.3,0.25255474452554744
69,4,492,160,576,144,348.3446191222279,227.69497139814047,348.5824362571309,313.1980204279714,0.7572,1,70,1,3,200,100,120.0,3.0,15.0,0.35,0.35,0.3,0.25255474452554744
70,4,492,161,572,145,348.5912817971182,227.49505489130968,348.6173571849192,309.0792778560219,0.8841,1,70,1,3,200,100,120.0,3.0,15.0,0.35,0.35,0.3,0.25255474452554744
71,4,495,163,574,148,349.2273523517793,230.05434140654683,349.23296769753574,310.4657791126101,0.9021,1,70,1,3,200,100,120.0,3.0,15.0,0.35,0.35,0.3,0.25255474452554744
72,4,495,164,573,151,349.47221388003646,229.8695282111137,349.7449182374632,308.9352683006587,0.7872,1,70,1,3,200,100,120.0,3.0,15.0,0.35,0.35,0.3,0.25255474452554744
73,4,495,165,572,152,349.71746497072655,229.68892006363737,349.89496363496204,307.77426793024785,0.7617,1,70,1,3,200,100,120.0,3.0,15.0,0.35,0.35,0.3,0.25255474452554744
74,4,497,166,572,153,350.0493733120484,231.4821807396846,350.0783414583143,307.6003901167877,0.9483,1,70,1,3,200,100,120.0,3.0,15.0,0.35,0.35,0.3,0.25255474452554744
75,4,499,167,573,155,350.3761679181081,233.28308982864576,350.4765623170057,308.24827655641485,0.9229,1,70,1,3,200,100,120.0,3.0,15.0,0.35,0.35,0.3,0.25255474452554744
76,4,499,167,572,156,350.3761679181081,233.28308982864576,350.6296944893839,307.0977043222564,0.7795,1,70,1,3,200,100,120.0,3.0,15.0,0.35,0.35,0.3,0.25255474452554744
77,4,498,167,571,155,350.3349334877556,232.29722340140012,350.41465966750815,306.27601930285044,0.9639,1,70,1,3,200,100,120.0,3.0,15.0,0.35,0.35,0.3,0.25255474452554744
78,4,497,167,570,156,350.2933475906603,231.3114783144148,350.5685483598455,305.1245647272602,0.7983,1,70,1,3,200,100,120.0,3.0,15.0,0.35,0.35,0.3,0.25255474452554744
79,4,495,167,566,155,350.2091034469164,229.34035841953332,350.2563587129628,301.34697609234445,0.9349,1,70,1,3,200,100,120.0,3.0,15.0,0.35,0.35,0.3,0.25255474452554744
80,4,494,167,563,156,350.1664360357929,228.35498680782078,350.34816653319575,298.2213942694253,0.8732,1,70,1,3,200,100,120.0,3.0,15.0,0.35,0.35,0.3,0.25255474452554744
81,4,491,165,558,154,349.5362512220804,225.75429121059915,349.79986699280295,293.64093720052045,0.7919,1,70,1,3,200,100,120.0,3.0,15.0,0.35,0.35,0.3,0.25255474452554744
82,4,492,166,557,156,349.83087166550933,226.55904307707516,350.15098548888295,292.30805667993485,0.8501,1,70,1,3,200,100,120.0,3.0,15.0,0.35,0.35,0.3,0.25255474452554744
84,4,486,163,549,152,348.7916556810735,221.21934815924217,349.0841175683069,285.1596044323249,0.7602,1,70,1,3,200,100,120.0,3.0,15.0,0.35,0.35,0.3,0.25255474452554744
85,4,489,166,552,156,349.695153531234,223.60679774997897,349.9804709587407,287.3830196793123,0.8664,1,70,1,3,200,100,120.0,3.0,15.0,0.35,0.35,0.3,0.25255474452554744
86,4,490,167,545,154,349.99202019855863,224.4147945212169,349.33021719550334,280.8558349046713,0.5485,1,70,1,3,200,100,120.0,3.0,15.0,0.35,0.35,0.3,0.25255474452554744
87,4,492,168,553,158,350.3294818350753,226.2144999773445,350.40686573726964,288.0277764383151,0.875,1,70,1,3,200,100,120.0,3.0,15.0,0.35,0.35,0.3,0.25255474452554744
88,4,493,168,545,157,350.3718438715133,227.2003521124032,349.9328181329227,280.31589323475754,0.7333,1,70,1,3,200,100,120.0,3.0,15.0,0.35,0.35,0.3,0.25255474452554744
89,4,491,166,550,157,349.7860270149295,225.57482128996577,350.10838027317783,285.2402496142506,0.7361,1,70,1,3,200,100,120.0,3.0,15.0,0.35,0.35,0.3,0.25255474452554744
90,4,491,166,540,155,349.7860270149295,225.57482128996577,349.34205394350414,275.7571395267945,0.7562,1,70,1,3,200,100,120.0,3.0,15.0,0.35,0.35,0.3,0.25255474452554744
91,4,489,165,546,156,349.4432552442818,223.78784596130328,349.7679793954322,281.47646438023907,0.7884,1,70,1,3,200,100,120.0,3.0,15.0,0.35,0.35,0.3,0.25255474452554744
92,4,489,165,536,154,349.4432552442818,223.78784596130328,348.9792290627094,272.01654361453825,0.6541,1,70,1,3,200,100,120.0,3.0,15.0,0.35,0.35,0.3,0.25255474452554744
93,4,490,165,536,155,349.4899566307314,224.770994570029,349.18612248637504,271.82715096178305,0.7219,1,70,1,3,200,100,120.0,3.0,15.0,0.35,0.35,0.3,0.25255474452554744
94,4,489,165,543,157,349.4432552442818,223.78784596130328,349.86085423110103,278.3469058567025,0.6683,1,70,1,3,200,100,120.0,3.0,15.0,0.35,0.35,0.3,0.25255474452554744
95,4,490,165,543,157,349.4899566307314,224.770994570029,349.86085423110103,278.3469058567025,0.7181,1,70,1,3,200,100,120.0,3.0,15.0,0.35,0.35,0.3,0.25255474452554744
96,4,491,165,535,155,349.5362512220804,225.75429121059915,349.1464326572758,270.84497410880635,0.7701,1,70,1,3,200,100,120.0,3.0,15.0,0.35,0.35,0.3,0.25255474452554744
98,4,492,167,543,159,350.07998703759796,226.38462845343543,350.26661758116353,278.0017985553331,0.8113,1,70,1,3,200,100,120.0,3.0,15.0,0.35,0.35,0.3,0.25255474452554744
99,4,491,165,540,157,349.5362512220804,225.75429121059915,349.750979216244,275.3942628305826,0.7936,1,70,1,3,200,100,120.0,3.0,15.0,0.35,0.35,0.3,0.25255474452554744
100,4,492,166,533,156,349.83087166550933,226.55904307707516,349.2755514625288,268.69313351851775,0.5856,1,70,1,3,200,100,120.0,3.0,15.0,0.35,0.35,0.3,0.25255474452554744
101,4,492,165,533,157,349.58214425073334,226.73773395709856,349.4852099089958,268.50884529191956,0.8439,1,70,1,3,200,100,120.0,3.0,15.0,0.35,0.35,0.3,0.25255474452554744
102,4,492,165,531,156,349.58214425073334,226.73773395709856,349.1956054024607,266.7283262047734,0.716,1,70,1,3,200,100,120.0,3.0,15.0,0.35,0.35,0.3,0.25255474452554744
103,4,493,166,532,157,349.87532834460217,227.54340245324627,349.4461263017305,267.5256997000475,0.6054,1,70,1,3,200,100,120.0,3.0,15.0,0.35,0.35,0.3,0.25255474452554744
104,4,493,166,533,157,349.87532834460217,227.54340245324627,349.4852099089958,268.50884529191956,0.6266,1,70,1,3,200,100,120.0,3.0,15.0,0.35,0.35,0.3,0.25255474452554744
105,4,493,165,531,156,349.6276408607753,227.72132091659753,349.1956054024607,266.7283262047734,0.6275,1,70,1,3,200,100,120.0,3.0,15.0,0.35,0.35,0.3,0.25255474452554744
106,4,493,166,530,157,349.87532834460217,227.54340245324627,349.3670910161208,265.55978611228016,0.5637,1,70,1,3,200,100,120.0,3.0,15.0,0.35,0.35,0.3,0.25255474452554744
107,4,493,166,530,158,349.87532834460217,227.54340245324627,349.5792876032055,265.37709019431196,0.8006,1,70,1,3,200,100,120.0,3.0,15.0,0.35,0.35,0.3,0.25255474452554744
108,4,488,164,526,155,349.14358665193777,222.9910312097776,348.7758395869269,262.01145013147806,0.7262,1,70,1,3,200,100,120.0,3.0,15.0,0.35,0.35,0.3,0.25255474452554744
109,4,481,162,519,152,348.27488798483495,216.51789764358972,347.8113667980681,255.76551761330143,0.6929,1,70,1,3,200,100,120.0,3.0,15.0,0.35,0.35,0.3,0.25255474452554744
110,4,477,162,516,151,348.05582281155364,212.60291625469299,347.4466334498694,253.04940229133123,0.5928,1,70,1,3,200,100,120.0,3.0,15.0,0.35,0.35,0.3,0.25255474452554744
111,4,478,170,521,161,350.2267735128206,212.07781590727495,349.87532834460217,255.98632775990205,0.8074,1,70,1,3,200,100,120.0,3.0,15.0,0.35,0.35,0.3,0.25255474452554744
112,4,484,185,530,179,354.4213637446066,216.02314690791817,354.0938588862295,262.39283526803854,0.8221,1,70,1,3,200,100,120.0,3.0,15.0,0.35,0.35,0.3,0.25255474452554744
113,4,490,198,547,196,357.9268498511536,221.14474897677312,357.93988897627685,278.1797979724624,0.7541,1,70,1,3,200,100,120.0,3.0,15.0,0.35,0.35,0.3,0.25255474452554744
114,4,489,211,548,213,1.3019526725788753,220.05681084665386,1.437226996321889,279.0877998050076,0.7406,1,70,1,3,200,100,120.0,3.0,15.0,0.35,0.35,0.3,0.25255474452554744
116,4,479,231,539,238,6.788974574438791,211.482859825566,6.759081126970502,271.8896835115301,0.7921,1,70,1,3,200,100,120.0,3.0,15.0,0.35,0.35,0.3,0.25255474452554744
118,4,466,250,526,261,12.590382945535145,201.8539075668341,12.07953098661499,262.8193295783246,0.6541,1,70,1,3,200,100,120.0,3.0,15.0,0.35,0.35,0.3,0.25255474452554744
119,4,465,259,473,261,15.131369911651316,203.03940504246953,15.088630812736247,211.28416883429767,0.6909,2,70,1,3,200,100,120.0,3.0,15.0,0.35,0.35,0.3,0.25255474452554744
119,6,519,272,526,274,14.788677614165172,258.5652722234755,14.820352079522019,265.84393918237066,0.8919,2,70,1,3,200,100,120.0,3.0,15.0,0.35,0.35,0.3,0.25255474452554744
120,7,467,269,522,285,17.650124219930124,207.78113485107352,17.34112889497265,265.04716561397146,0.7689,2,70,1,3,200,100,120.0,3.0,15.0,0.35,0.35,0.3,0.25255474452554744
120,6,475,270,530,286,17.25895429290408,215.7127719909046,17.041004479585194,272.98534759213726,0.6797,2,70,1,3,200,100,120.0,3.0,15.0,0.35,0.35,0.3,0.25255474452554744
121,7,474,280,531,300,19.848346018896862,217.947241322298,19.736901495500884,278.3522947633089,0.7729,1,70,1,3,200,100,120.0,3.0,15.0,0.35,0.35,0.3,0.25255474452554744
122,6,464,285,529,308,22.054257710402982,210.39486685753528,21.420459119209898,279.29196193231195,0.6421,2,70,1,3,200,100,120.0,3.0,15.0,0.35,0.35,0.3,0.25255474452554744
122,7,471,286,521,306,21.60552724263848,217.26481537515457,21.644435140713995,271.1162112452887,0.7286,2,70,1,3,200,100,120.0,3.0,15.0,0.35,0.35,0.3,0.25255474452554744
123,7,461,293,517,317,24.37646861667477,210.79136604709407,24.112365484967345,271.7075633838705,0.7005,1,70,1,3,200,100,120.0,3.0,15.0,0.35,0.35,0.3,0.25255474452554744
124,7,456,301,512,329,26.931543702158926,209.74746720759228,26.84729411334885,272.35638417338413,0.7749,1,70,1,3,200,100,120.0,3.0,15.0,0.35,0.35,0.3,0.25255474452554744
125,7,449,311,504,342,30.256437163529263,208.38665984174708,30.05897104884188,271.51611370229944,0.71,1,70,1,3,200,100,120.0,3.0,15.0,0.35,0.35,0.3,0.25255474452554744
126,7,439,317,492,351,33.14217376699949,203.0295544988463,33.03289762341504,265.9962405749375,0.753,1,70,1,3,200,100,120.0,3.0,15.0,0.35,0.35,0.3,0.25255474452554744
128,7,415,324,459,361,38.94580810588516,187.72320048411703,39.20720350496784,245.20399670478457,0.6145,1,70,1,3,200,100,120.0,3.0,15.0,0.35,0.35,0.3,0.25255474452554744
130,7,399,333,441,373,44.33120804703133,181.738823590338,44.15499077679798,239.7352706632881,0.7254,2,70,1,3,200,100,120.0,3.0,15.0,0.35,0.35,0.3,0.25255474452554744
130,8,406,334,449,374,43.054853238585714,187.49133313302778,43.025065989118026,246.2194143441983,0.7711,2,70,1,3,200,100,120.0,3.0,15.0,0.35,0.35,0.3,0.25255474452554744
131,8,401,338,443,380,45.0,186.67619023324855,45.0,246.07315985291854,0.7742,1,70,1,3,200,100,120.0,3.0,15.0,0.35,0.35,0.3,0.25255474452554744
132,8,394,341,430,384,47.202598161765806,183.98369492974098,47.870834794906756,240.01041644062033,0.4516,1,70,1,3,200,100,120.0,3.0,15.0,0.35,0.35,0.3,0.25255474452554744
133,7,373,339,405,381,51.976196477044816,168.8342382338369,52.147689786385875,221.6325788326256,0.7731,1,70,1,3,200,100,120.0,3.0,15.0,0.35,0.35,0.3,0.25255474452554744
134,7,363,340,392,383,54.950626687951605,163.682619724881,55.203973721731685,215.5411793602327,0.7617,1,70,1,3,200,100,120.0,3.0,15.0,0.35,0.35,0.3,0.25255474452554744
135,7,348,337,378,381,58.9077778098547,152.97712247261026,58.082990674811114,206.16983290481662,0.4287,1,70,1,3,200,100,120.0,3.0,15.0,0.35,0.35,0.3,0.25255474452554744
136,7,345,339,372,383,60.25511870305778,153.18289721767243,59.80398015627049,204.78769494283586,0.5717,2,70,1,3,200,100,120.0,3.0,15.0,0.35,0.35,0.3,0.25255474452554744
136,9,353,340,379,385,57.91781284393396,158.15182578775372,58.42822944822271,210.09759636892565,0.5522,2,70,1,3,200,100,120.0,3.0,15.0,0.35,0.35,0.3,0.25255474452554744
137,9,343,337,367,381,60.53852502903209,150.45597362683876,60.751173663453024,200.57168294652163,0.7444,1,70,1,3,200,100,120.0,3.0,15.0,0.35,0.35,0.3,0.25255474452554744
138,9,333,336,358,381,63.78862198216847,144.89996549343965,63.04341200533128,196.33135256499406,0.4522,1,70,1,3,200,100,120.0,3.0,15.0,0.35,0.35,0.3,0.25255474452554744
140,10,315,343,331,392,71.43967768021487,144.51643505151932,71.56505117707799,196.06121493043952,0.7233,2,70,1,3,200,100,120.0,3.0,15.0,0.35,0.35,0.3,0.25255474452554744
140,9,323,344,339,393,68.62937773065681,148.18906842274163,69.47753964146635,199.6722314193939,0.5036,2,70,1,3,200,100,120.0,3.0,15.0,0.35,0.35,0.3,0.25255474452554744
141,10,311,348,329,399,73.52311860631204,148.08105888330215,72.73053223787807,202.11135544545735,0.4674,1,70,1,3,200,100,120.0,3.0,15.0,0.35,0.35,0.3,0.25255474452554744
142,10,304,348,320,401,76.15379158817348,146.24978632463024,75.34324888423959,201.5589243868899,0.4553,1,70,1,3,200,100,120.0,3.0,15.0,0.35,0.35,0.3,0.25255474452554744
143,10,293,349,300,402,80.47271661854764,145.0,81.01236270179153,198.4363877921587,0.6305,1,70,1,3,200,100,120.0,3.0,15.0,0.35,0.35,0.3,0.25255474452554744
144,10,287,352,293,407,82.97160376105039,147.10540438746634,83.1909498203866,202.42776489404807,0.74,1,70,1,3,200,100,120.0,3.0,15.0,0.35,0.35,0.3,0.25255474452554744
145,10,278,352,279,406,86.47253194962587,146.27713423498562,87.13759477388825,200.24984394500785,0.6196,1,70,1,3,200,100,120.0,3.0,15.0,0.35,0.35,0.3,0.25255474452554744
146,10,276,353,275,406,87.27368900609373,147.16657229140046,88.28164199834454,200.08997975910736,0.5301,1,70,1,3,200,100,120.0,3.0,15.0,0.35,0.35,0.3,0.25255474452554744
147,10,271,353,267,406,89.22051367888153,147.0136048126159,90.57293869768348,200.0099997500125,0.4172,1,70,1,3,200,100,120.0,3.0,15.0,0.35,0.35,0.3,0.25255474452554744
148,10,256,347,247,398,95.26769712804423,141.59802258506295,96.53663364879706,193.25630649476875,0.3866,1,70,1,3,200,100,120.0,3.0,15.0,0.35,0.35,0.3,0.25255474452554744
149,10,246,345,239,395,99.3954660195669,140.8900280360537,99.01932243138168,191.36614120580475,0.5657,1,70,1,3,200,100,120.0,3.0,15.0,0.35,0.35,0.3,0.25255474452554744
150,10,246,343,241,393,99.53012783259996,138.91724155050014,98.51578240435006,189.08463713374496,0.3996,1,70,1,3,200,100,120.0,3.0,15.0,0.35,0.35,0.3,0.25255474452554744
151,10,244,341,236,391,100.4914770123316,137.2953021774598,100.11395214579173,187.92019582790988,0.5855,1,70,1,3,200,100,120.0,3.0,15.0,0.35,0.35,0.3,0.25255474452554744
152,10,238,339,228,389,103.12040315297726,136.56500283747664,102.62822191739043,187.5366630821824,0.5395,1,70,1,3,200,100,120.0,3.0,15.0,0.35,0.35,0.3,0.25255474452554744
153,10,232,337,213,386,105.77194805685487,136.12494260788506,107.28149837181665,188.50994668717087,0.3579,1,70,1,3,200,100,120.0,3.0,15.0,0.35,0.35,0.3,0.25255474452554744
166,11,150,302,111,329,141.10609384728426,152.8953890737062,142.09991964463165,200.23236501624805,0.508,1,70,1,3,200,100,120.0,3.0,15.0,0.35,0.35,0.3,0.25255474452554744
168,11,141,293,102,317,145.79654317182437,154.76756766196203,146.3891796980545,200.5243127403757,0.5472,1,70,1,3,200,100,120.0,3.0,15.0,0.35,0.35,0.3,0.25255474452554744
169,11,135,292,95,314,147.30801581742793,159.22311389996113,148.17255342332692,204.79257799051214,0.5436,1,70,1,3,200,100,120.0,3.0,15.0,0.35,0.35,0.3,0.25255474452554744
170,11,132,290,91,312,148.48592739701115,160.70158679988197,149.2259638987518,207.17142660125697,0.5976,1,70,1,3,200,100,120.0,3.0,15.0,0.35,0.35,0.3,0.25255474452554744
171,11,127,286,84,307,150.60394714505676,162.9846618550347,151.36784560598673,210.77476129745705,0.5753,2,70,1,3,200,100,120.0,3.0,15.0,0.35,0.35,0.3,0.25255474452554744
171,12,134,287,93,308,149.03624346792648,157.4357011608231,149.905758523555,203.42074623793906,0.5126,2,70,1,3,200,100,120.0,3.0,15.0,0.35,0.35,0.3,0.25255474452554744
172,11,127,283,85,302,151.5310810034057,161.533278305122,152.4471884232822,207.53794833716555,0.4856,2,70,1,3,200,100,120.0,3.0,15.0,0.35,0.35,0.3,0.25255474452554744
172,12,134,283,94,303,150.30084557245,155.4155719353759,151.001022853846,200.08498194517247,0.6138,2,70,1,3,200,100,120.0,3.0,15.0,0.35,0.35,0.3,0.25255474452554744
173,12,122,277,80,295,154.2197734259139,163.24827717314508,154.78427870400944,208.90667772955464,0.6121,2,70,1,3,200,100,120.0,3.0,15.0,0.35,0.35,0.3,0.25255474452554744
173,11,130,277,89,295,152.9424470891587,156.0833110873805,153.69016218853062,200.80089641234176,0.5416,2,70,1,3,200,100,120.0,3.0,15.0,0.35,0.35,0.3,0.25255474452554744
174,12,124,274,83,290,154.87504218471818,160.15305179733542,155.6954507340633,204.08821622033938,0.5516,2,70,1,3,200,100,120.0,3.0,15.0,0.35,0.35,0.3,0.25255474452554744
174,11,132,275,92,291,153.2679062072411,153.39491516996253,154.34847153494744,196.3517252279694,0.4677,2,70,1,3,200,100,120.0,3.0,15.0,0.35,0.35,0.3,0.25255474452554744
175,12,125,270,85,285,156.03751102542182,157.58172482873766,156.7638384887775,200.24235316236172,0.553,2,70,1,3,200,100,120.0,3.0,15.0,0.35,0.35,0.3,0.25255474452554744
175,11,132,271,93,287,154.61787940811828,151.6377261765686,155.28682311953412,193.7446773462435,0.6001,2,70,1,3,200,100,120.0,3.0,15.0,0.35,0.35,0.3,0.25255474452554744
176,12,124,263,84,276,158.54003926951432,155.80115532305913,159.27444113443946,197.80040444852483,0.5765,2,70,1,3,200,100,120.0,3.0,15.0,0.35,0.35,0.3,0.25255474452554744
176,11,131,263,92,277,157.55724663470565,149.30840565755165,158.14280106729424,190.70920271449933,0.66,2,70,1,3,200,100,120.0,3.0,15.0,0.35,0.35,0.3,0.25255474452554744
177,12,124,256,84,267,160.97439396243132,153.37861650177967,161.75107578158554,194.79733057719247,0.4975,2,70,1,3,200,100,120.0,3.0,15.0,0.35,0.35,0.3,0.25255474452554744
177,11,132,257,93,268,159.58157448256867,146.18481453283715,160.59402924599883,186.60117898877274,0.5144,2,70,1,3,200,100,120.0,3.0,15.0,0.35,0.35,0.3,0.25255474452554744
178,11,133,249,93,259,162.4542712543037,142.63590010933433,163.2410415828191,183.8069639594757,0.6003,1,70,1,3,200,100,120.0,3.0,15.0,0.35,0.35,0.3,0.25255474452554744
179,12,127,243,86,251,165.39555255320988,146.74126890551273,166.18497465873838,188.45158529447292,0.5639,2,70,1,3,200,100,120.0,3.0,15.0,0.35,0.35,0.3,0.25255474452554744
179,11,134,244,95,252,164.27907221417723,140.24621207005913,165.1916229609576,179.97777640586628,0.6138,2,70,1,3,200,100,120.0,3.0,15.0,0.35,0.35,0.3,0.25255474452554744
180,11,127,238,95,245,167.30041551040264,145.5609837834301,167.36663806472498,178.31713322056297,0.7345,2,70,1,3,200,100,120.0,3.0,15.0,0.35,0.35,0.3,0.25255474452554744
180,12,134,238,87,244,166.6648936589541,138.74076545846214,168.20657031508952,185.9247159470736,0.4733,2,70,1,3,200,100,120.0,3.0,15.0,0.35,0.35,0.3,0.25255474452554744
181,12,135,233,96,238,168.6078641684473,136.69308687713507,169.5203830122378,175.93464695732902,0.618,1,70,1,3,200,100,120.0,3.0,15.0,0.35,0.35,0.3,0.25255474452554744
182,11,131,227,92,231,171.34745820888529,139.5886814895821,171.96055544916334,178.7568180517879,0.7673,1,70,1,3,200,100,120.0,3.0,15.0,0.35,0.35,0.3,0.25255474452554744
183,11,129,221,89,222,173.8844964337146,140.80127840328723,174.92039213998544,180.7097119692243,0.5617,1,70,1,3,200,100,120.0,3.0,15.0,0.35,0.35,0.3,0.25255474452554744
184,11,127,215,87,216,176.37342821612037,142.28492541376264,176.85504253530198,182.27451824103116,0.7255,1,70,1,3,200,100,120.0,3.0,15.0,0.35,0.35,0.3,0.25255474452554744
185,11,127,212,86,211,177.58049078334366,142.12670403551894,178.43493091440774,183.06829326784035,0.6111,1,70,1,3,200,100,120.0,3.0,15.0,0.35,0.35,0.3,0.25255474452554744
186,11,128,208,88,206,179.18734840574626,141.01418368376991,180.0,181.0,0.7244,1,70,1,3,200,100,120.0,3.0,15.0,0.35,0.35,0.3,0.25255474452554744
187,11,130,205,89,202,180.41219274140232,139.00359707575916,181.2730300200567,180.0444389588304,0.67,1,70,1,3,200,100,120.0,3.0,15.0,0.35,0.35,0.3,0.25255474452554744
188,11,131,197,91,193,183.73139699916044,138.2931668593933,184.1771069689022,178.4740877550576,0.8525,1,70,1,3,200,100,120.0,3.0,15.0,0.35,0.35,0.3,0.25255474452554744
189,11,93,189,85,188,185.51713597898805,176.81911661356077,185.58724396420433,184.87833837418594,0.8118,1,70,1,3,200,100,120.0,3.0,15.0,0.35,0.35,0.3,0.25255474452554744
190,11,129,192,87,186,185.71059313749964,140.69825869569246,186.27107744950112,183.09560344257315,0.6885,1,70,1,3,200,100,120.0,3.0,15.0,0.35,0.35,0.3,0.25255474452554744
191,11,125,191,81,184,185.94686305397352,144.77914214416384,186.67446904711755,189.2828571212935,0.6889,1,70,1,3,200,100,120.0,3.0,15.0,0.35,0.35,0.3,0.25255474452554744
192,13,71,179,63,178,187.76516601842533,199.83242980057065,187.7403411588379,207.8942038634074,0.9525,1,70,1,3,200,100,120.0,3.0,15.0,0.35,0.35,0.3,0.25255474452554744
193,13,66,175,58,174,188.68252388126822,205.35335400231475,188.62369195492596,213.41274563624359,0.8179,1,70,1,3,200,100,120.0,3.0,15.0,0.35,0.35,0.3,0.25255474452554744
194,13,110,178,53,167,189.98742157501354,161.4465855941215,190.2348027634232,219.49259668608414,0.9184,1,70,1,3,200,100,120.0,3.0,15.0,0.35,0.35,0.3,0.25255474452554744
195,13,107,169,58,157,192.8653978420502,166.1715980545412,193.07391885825035,216.61486560252507,0.88,1,70,1,3,200,100,120.0,3.0,15.0,0.35,0.35,0.3,0.25255474452554744
196,13,111,166,55,151,194.20676611776037,162.9846618550347,194.41359770118493,220.9547464980103,0.861,1,70,1,3,200,100,120.0,3.0,15.0,0.35,0.35,0.3,0.25255474452554744
197,13,120,165,66,150,195.38518835365358,154.53802121160993,195.42216131873866,210.58252539087852,0.8482,1,70,1,3,200,100,120.0,3.0,15.0,0.35,0.35,0.3,0.25255474452554744
198,13,127,160,76,144,197.94940299291386,149.26486525636233,197.8092787536748,202.71408436514716,0.8685,1,70,1,3,200,100,120.0,3.0,15.0,0.35,0.35,0.3,0.25255474452554744
199,13,131,156,90,141,199.9164059938091,146.77874505527018,199.95740182218302,190.43634106966033,0.9361,1,70,1,3,200,100,120.0,3.0,15.0,0.35,0.35,0.3,0.25255474452554744
203,13,137,139,87,116,206.91124502753894,148.03040228277433,206.31264849478882,203.0369424513677,0.8161,1,70,1,3,200,100,120.0,3.0,15.0,0.35,0.35,0.3,0.25255474452554744
204,13,134,136,92,113,207.4075754378184,152.0690632574555,207.71850162818336,199.9449924354196,0.8948,1,70,1,3,200,100,120.0,3.0,15.0,0.35,0.35,0.3,0.25255474452554744
205,13,134,135,91,112,207.7410457070959,152.5319638633162,207.8380811971347,201.2958022413781,0.9674,1,70,1,3,200,100,120.0,3.0,15.0,0.35,0.35,0.3,0.25255474452554744
258,14,222,146,199,117,231.92721812600917,76.21679604916491,231.81435288940975,113.22985472038724,0.9776,1,70,1,3,200,100,120.0,3.0,15.0,0.35,0.35,0.3,0.25255474452554744
261,15,202,158,162,133,215.61848983925174,82.41965784932621,214.3034892642219,129.52991932368366,0.5794,1,70,1,3,200,100,120.0,3.0,15.0,0.35,0.35,0.3,0.25255474452554744
262,15,201,164,168,143,211.7014296695057,79.92496481075234,211.9543629370514,119.03780911962384,0.879,1,70,1,3,200,100,120.0,3.0,15.0,0.35,0.35,0.3,0.25255474452554744
263,15,200,171,158,152,206.89623696549336,77.3692445355388,205.94229548987167,123.4382436686459,0.7264,1,70,1,3,200,100,120.0,3.0,15.0,0.35,0.35,0.3,0.25255474452554744
264,15,201,177,161,159,203.09682191816083,73.92563831310488,203.51796167369224,117.78370006074695,0.8123,1,70,1,3,200,100,120.0,3.0,15.0,0.35,0.35,0.3,0.25255474452554744
265,15,207,185,177,173,198.71173787509974,65.45991139621256,199.732689499661,97.73944955850733,0.8103,1,70,1,3,200,100,120.0,3.0,15.0,0.35,0.35,0.3,0.25255474452554744
266,15,205,191,166,180,193.19061071220685,65.73431371817918,194.1670555226312,106.23088063270491,0.7656,1,70,1,3,200,100,120.0,3.0,15.0,0.35,0.35,0.3,0.25255474452554744
267,15,205,196,167,188,188.88065915052022,64.77653896280658,190.0079798014413,103.57605900979242,0.7181,1,70,1,3,200,100,120.0,3.0,15.0,0.35,0.35,0.3,0.25255474452554744
268,15,177,203,168,202,181.86767883943418,92.04890004774636,182.26795453590583,101.07917688624102,0.6506,1,70,1,3,200,100,120.0,3.0,15.0,0.35,0.35,0.3,0.25255474452554744
269,15,205,213,174,213,173.75808565258495,64.38167441127949,175.78582147726596,95.25754563287887,0.4761,1,70,1,3,200,100,120.0,3.0,15.0,0.35,0.35,0.3,0.25255474452554744
272,15,221,234,203,242,149.74356283647072,55.569775957799216,151.3895403340348,75.17978451685,0.3512,1,70,1,3,200,100,120.0,3.0,15.0,0.35,0.35,0.3,0.25255474452554744
273,15,219,237,208,244,148.2010871757056,58.83026432033091,148.07912378006682,71.8679344353238,0.6329,1,70,1,3,200,100,120.0,3.0,15.0,0.35,0.35,0.3,0.25255474452554744
274,15,224,238,212,245,144.5829447235326,55.21775076911409,145.61965527615513,69.06518659932803,0.4396,1,70,1,3,200,100,120.0,3.0,15.0,0.35,0.35,0.3,0.25255474452554744
275,15,228,240,216,247,140.33215888165955,53.2634959423431,142.27500495788925,67.00746227100382,0.259,1,70,1,3,200,100,120.0,3.0,15.0,0.35,0.35,0.3,0.25255474452554744
279,16,126,385,120,393,128.62075183238687,229.10696191953662,128.5475371119975,239.10248848558643,0.5838,1,70,1,3,200,100,120.0,3.0,15.0,0.35,0.35,0.3,0.25255474452554744
281,17,255,252,248,266,106.92751306414705,48.08326112068523,109.29004621918874,63.56886030125127,0.4997,3,70,1,3,200,100,120.0,3.0,15.0,0.35,0.35,0.3,0.25255474452554744
281,16,144,390,132,407,124.19014267858799,222.44325119005072,124.27803094060903,243.24884377936928,0.6613,3,70,1,3,200,100,120.0,3.0,15.0,0.35,0.35,0.3,0.25255474452554744
281,18,137,399,125,416,124.36970088604922,233.82258231402716,124.43898930880363,254.62914208707534,0.867,3,70,1,3,200,100,120.0,3.0,15.0,0.35,0.35,0.3,0.25255474452554744
284,19,281,266,284,284,78.69006752597979,61.18823416311342,79.11447294534128,79.42921376924235,0.7277,2,70,1,3,200,100,120.0,3.0,15.0,0.35,0.35,0.3,0.25255474452554744
284,20,288,267,293,285,72.69947280805499,63.89053137985315,73.10135130596177,82.56512580987206,0.7477,2,70,1,3,200,100,120.0,3.0,15.0,0.35,0.35,0.3,0.25255474452554744
285,20,288,269,293,287,73.2173558547293,65.80273550544841,73.49563861824498,84.48076704197234,0.7753,2,70,1,3,200,100,120.0,3.0,15.0,0.35,0.35,0.3,0.25255474452554744
285,19,295,269,301,289,67.5741380786482,68.15423684555495,68.91624541761936,88.95504482602435,0.6407,2,70,1,3,200,100,120.0,3.0,15.0,0.35,0.35,0.3,0.25255474452554744
286,19,296,272,308,293,67.75097634278764,71.30918594402827,65.85445803957835,95.34149149242423,0.3185,1,70,1,3,200,100,120.0,3.0,15.0,0.35,0.35,0.3,0.25255474452554744
287,19,304,273,314,294,62.41797079220284,75.59100475585703,62.91644913563134,98.8382517044894,0.7672,1,70,1,3,200,100,120.0,3.0,15.0,0.35,0.35,0.3,0.25255474452554744
288,19,309,278,322,300,60.94539590092286,82.365041127896,60.58440116690445,107.91200118615167,0.8922,2,70,1,3,200,100,120.0,3.0,15.0,0.35,0.35,0.3,0.25255474452554744
288,21,316,279,330,301,57.225122675735754,86.82165628459296,57.295266422998154,112.89818421923357,0.8235,2,70,1,3,200,100,120.0,3.0,15.0,0.35,0.35,0.3,0.25255474452554744
289,21,319,281,334,303,56.309932474020215,90.13878188659973,56.17383824181473,116.76472069936193,0.818,2,70,1,3,200,100,120.0,3.0,15.0,0.35,0.35,0.3,0.25255474452554744
289,19,326,282,343,305,53.13010235415598,95.0,53.222813890574905,123.60016181219181,0.8981,2,70,1,3,200,100,120.0,3.0,15.0,0.35,0.35,0.3,0.25255474452554744
290,21,325,283,342,304,53.97262661489639,95.2102935611481,53.317649244106406,122.20065466273084,0.6851,2,70,1,3,200,100,120.0,3.0,15.0,0.35,0.35,0.3,0.25255474452554744
290,19,332,283,350,305,50.71059313749964,99.48869282486326,50.71059313749964,127.91403363196706,0.8923,2,70,1,3,200,100,120.0,3.0,15.0,0.35,0.35,0.3,0.25255474452554744
291,19,332,283,351,304,50.71059313749964,99.48869282486326,50.07960786001457,127.7810627597063,0.7575,2,70,1,3,200,100,120.0,3.0,15.0,0.35,0.35,0.3,0.25255474452554744
291,21,340,284,359,305,47.689770323150476,105.47511554864494,47.72631099390627,133.79461872586654,0.906,2,70,1,3,200,100,120.0,3.0,15.0,0.35,0.35,0.3,0.25255474452554744
292,21,345,284,367,305,45.744059202888714,108.90362712049586,45.29083902235055,139.30183056945089,0.7966,1,70,1,3,200,100,120.0,3.0,15.0,0.35,0.35,0.3,0.25255474452554744
293,21,368,286,396,306,38.94101227602167,127.283148923964,38.216951144798855,161.64467204334326,0.6371,2,70,1,3,200,100,120.0,3.0,15.0,0.35,0.35,0.3,0.25255474452554744
293,22,375,287,404,308,37.38528805796898,133.4053971921676,37.0730733173104,169.2010638264429,0.7588,2,70,1,3,200,100,120.0,3.0,15.0,0.35,0.35,0.3,0.25255474452554744
294,22,377,284,406,304,35.83765295427829,133.2216198670471,35.57721938646492,168.44286865284622,0.7867,2,70,1,3,200,100,120.0,3.0,15.0,0.35,0.35,0.3,0.25255474452554744
294,21,384,285,414,305,34.487372830078655,139.52060779684126,34.32364431730421,175.5733464965568,0.8171,2,70,1,3,200,100,120.0,3.0,15.0,0.35,0.35,0.3,0.25255474452554744
295,22,385,283,417,302,33.57593265799892,139.2300254973761,32.96940390346213,176.40861656959956,0.6775,2,70,1,3,200,100,120.0,3.0,15.0,0.35,0.35,0.3,0.25255474452554744
295,21,393,284,425,304,32.17121712854458,146.4923206178399,32.137248981041786,184.22811946062956,0.9642,2,70,1,3,200,100,120.0,3.0,15.0,0.35,0.35,0.3,0.25255474452554744
296,22,393,281,425,298,31.167172646102262,144.91721774861674,30.52970589993411,181.10770276274835,0.6245,2,70,1,3,200,100,120.0,3.0,15.0,0.35,0.35,0.3,0.25255474452554744
296,21,400,281,433,299,29.791960809364674,150.95032295427526,29.556409017812364,188.53381659532593,0.8853,2,70,1,3,200,100,120.0,3.0,15.0,0.35,0.35,0.3,0.25255474452554744
297,22,401,275,434,290,27.59729586864372,148.94629904767692,26.980230718222856,185.15128949051368,0.6435,2,70,1,3,200,100,120.0,3.0,15.0,0.35,0.35,0.3,0.25255474452554744
297,21,408,276,442,292,26.729693768485454,155.63097378092831,26.432422294725843,193.19679086361657,0.7073,2,70,1,3,200,100,120.0,3.0,15.0,0.35,0.35,0.3,0.25255474452554744
298,21,424,273,463,289,23.376803872095362,168.86088949191284,23.16293664176421,211.00947846009194,0.8502,1,70,1,3,200,100,120.0,3.0,15.0,0.35,0.35,0.3,0.25255474452554744
299,21,431,271,469,285,21.862362420286466,174.55371666051687,21.554019920478844,215.03720608304042,0.7747,1,70,1,3,200,100,120.0,3.0,15.0,0.35,0.35,0.3,0.25255474452554744
300,23,434,271,474,285,21.501434324047903,177.341478509682,21.07495924199334,219.69524346239268,0.7497,2,70,1,3,200,100,120.0,3.0,15.0,0.35,0.35,0.3,0.25255474452554744
300,21,441,272,482,286,20.992853373114194,184.22811946062956,20.58551835459344,227.52802025245154,0.6982,2,70,1,3,200,100,120.0,3.0,15.0,0.35,0.35,0.3,0.25255474452554744
301,23,439,271,479,284,20.924501744921166,182.00274723201295,20.37643521383639,224.01785643113362,0.6923,2,70,1,3,200,100,120.0,3.0,15.0,0.35,0.35,0.3,0.25255474452554744
301,21,446,272,486,286,20.44954761079258,188.904737897174,20.23709427606285,231.27689032845456,0.8599,2,70,1,3,200,100,120.0,3.0,15.0,0.35,0.35,0.3,0.25255474452554744
302,23,444,273,484,287,20.949701470394846,187.38729946290383,20.643608747203615,229.7520402520944,0.8557,1,70,1,3,200,100,120.0,3.0,15.0,0.35,0.35,0.3,0.25255474452554744
303,23,444,274,484,288,21.2347041342539,187.7471704180918,20.87661846373463,230.10649708341572,0.6962,2,70,1,3,200,100,120.0,3.0,15.0,0.35,0.35,0.3,0.25255474452554744
303,21,451,275,492,290,20.762763911963166,194.64069461446135,20.6404691950955,238.29603437741048,0.8354,2,70,1,3,200,100,120.0,3.0,15.0,0.35,0.35,0.3,0.25255474452554744
304,23,445,275,484,289,21.407436858095497,189.04232330353963,21.108907598452593,230.46474784660668,0.7556,2,70,1,3,200,100,120.0,3.0,15.0,0.35,0.35,0.3,0.25255474452554744
304,21,452,276,492,291,20.932535365103107,195.93111034238538,20.865141570969183,238.65037188322168,0.8614,2,70,1,3,200,100,120.0,3.0,15.0,0.35,0.35,0.3,0.25255474452554744
305,23,444,277,482,290,22.083097381553277,188.85444130334875,21.522600107907078,228.96506283710622,0.6622,2,70,1,3,200,100,120.0,3.0,15.0,0.35,0.35,0.3,0.25255474452554744
305,21,451,277,490,292,21.311248425815734,195.35864454894235,21.26301550246132,237.14341652257605,0.8124,2,70,1,3,200,100,120.0,3.0,15.0,0.35,0.35,0.3,0.25255474452554744
306,23,442,280,478,294,23.15860742208327,188.16216410320115,22.833654177917545,226.77080940897133,0.756,2,70,1,3,200,100,120.0,3.0,15.0,0.35,0.35,0.3,0.25255474452554744
306,21,449,281,487,296,22.619864948040426,195.0,22.43299092212539,235.84740829612693,0.7432,2,70,1,3,200,100,120.0,3.0,15.0,0.35,0.35,0.3,0.25255474452554744
307,23,443,280,479,294,23.039435979903534,189.08199279677586,22.73600488258145,227.69277546729498,0.8147,2,70,1,3,200,100,120.0,3.0,15.0,0.35,0.35,0.3,0.25255474452554744
307,21,451,281,487,296,22.395966988421264,196.84765683136794,22.43299092212539,235.84740829612693,0.9803,2,70,1,3,200,100,120.0,3.0,15.0,0.35,0.35,0.3,0.25255474452554744
308,23,443,280,478,293,23.039435979903534,189.08199279677586,22.60039645422187,226.38462845343543,0.6923,2,70,1,3,200,100,120.0,3.0,15.0,0.35,0.35,0.3,0.25255474452554744
308,21,451,281,487,295,22.395966988421264,196.84765683136794,22.208076171231692,235.46761985462035,0.8994,2,70,1,3,200,100,120.0,3.0,15.0,0.35,0.35,0.3,0.25255474452554744
309,23,442,278,477,291,22.59634451442194,187.3846311734236,22.227568582569024,224.69757453074567,0.6485,2,70,1,3,200,100,120.0,3.0,15.0,0.35,0.35,0.3,0.25255474452554744
309,21,450,279,485,293,21.96495551081471,195.1665955024066,21.93848046770647,232.86262044390037,0.8983,2,70,1,3,200,100,120.0,3.0,15.0,0.35,0.35,0.3,0.25255474452554744
310,23,445,279,487,293,22.527340556100867,190.53870997778904,21.75608055632076,234.71898091121648,0.5426,2,70,1,3,200,100,120.0,3.0,15.0,0.35,0.35,0.3,0.25255474452554744
310,21,452,280,479,291,22.017008767952575,197.39554199626699,22.03622694014545,226.55021518418383,0.8416,2,70,1,3,200,100,120.0,3.0,15.0,0.35,0.35,0.3,0.25255474452554744
311,21,445,278,479,290,22.249023657212366,190.1578291840754,21.80140948635181,226.17692189964916,0.7296,2,70,1,3,200,100,120.0,3.0,15.0,0.35,0.35,0.3,0.25255474452554744
311,23,453,279,487,292,21.640164753935508,197.9520143873257,21.529006881839123,234.35016535091245,0.8421,2,70,1,3,200,100,120.0,3.0,15.0,0.35,0.35,0.3,0.25255474452554744
312,21,447,279,489,293,22.299140223930735,192.38762953994728,21.576544944189372,236.57768280207665,0.6564,2,70,1,3,200,100,120.0,3.0,15.0,0.35,0.35,0.3,0.25255474452554744
312,23,454,280,481,291,21.80140948635181,199.25109786397664,21.84799141065202,228.40534144367115,0.9342,2,70,1,3,200,100,120.0,3.0,15.0,0.35,0.35,0.3,0.25255474452554744
313,21,450,280,483,291,22.23669668246429,195.54283418218117,21.662790935406402,230.2628932329306,0.5783,2,70,1,3,200,100,120.0,3.0,15.0,0.35,0.35,0.3,0.25255474452554744
313,23,457,280,491,293,21.48544331706342,202.03960007879644,21.39981013208223,238.4386713601634,0.9186,2,70,1,3,200,100,120.0,3.0,15.0,0.35,0.35,0.3,0.25255474452554744
314,21,449,278,482,290,21.80140948635181,193.86593305684215,21.522600107907078,228.96506283710622,0.7044,2,70,1,3,200,100,120.0,3.0,15.0,0.35,0.35,0.3,0.25255474452554744
314,23,457,279,490,291,21.221085340520897,201.67548190099856,21.037511025421818,236.78260071213003,0.8278,2,70,1,3,200,100,120.0,3.0,15.0,0.35,0.35,0.3,0.25255474452554744
315,21,452,280,485,292,22.017008767952575,197.39554199626699,21.70988275987124,232.4908600354001,0.7286,1,70,1,3,200,100,120.0,3.0,15.0,0.35,0.35,0.3,0.25255474452554744
316,21,453,280,485,292,21.908704828181918,198.3229689168655,21.70988275987124,232.4908600354001,0.8514,2,70,1,3,200,100,120.0,3.0,15.0,0.35,0.35,0.3,0.25255474452554744
316,23,461,281,493,293,21.336859291805652,206.1286006356226,21.225814373340405,240.3018934590404,0.8309,2,70,1,3,200,100,120.0,3.0,15.0,0.35,0.35,0.3,0.25255474452554744
317,21,454,277,483,287,20.995992351882382,198.15650380444242,20.731888492082856,228.81652038259824,0.7673,2,70,1,3,200,100,120.0,3.0,15.0,0.35,0.35,0.3,0.25255474452554744
317,23,462,278,491,289,20.4583820536357,205.9927183179056,20.499456813772937,237.00843866833097,0.9026,2,70,1,3,200,100,120.0,3.0,15.0,0.35,0.35,0.3,0.25255474452554744
318,21,458,279,488,290,21.118723982390996,202.6079958935481,20.984897835882194,234.55702931270255,0.9149,2,70,1,3,200,100,120.0,3.0,15.0,0.35,0.35,0.3,0.25255474452554744
318,23,466,280,496,291,20.587911612022474,210.440015206234,20.528379466295103,242.39224410034245,0.9281,2,70,1,3,200,100,120.0,3.0,15.0,0.35,0.35,0.3,0.25255474452554744
319,21,459,280,489,291,21.279604427695407,203.90193721492693,21.124719146072483,235.8495283014151,0.8506,2,70,1,3,200,100,120.0,3.0,15.0,0.35,0.35,0.3,0.25255474452554744
319,23,466,281,497,292,20.842362667262126,210.79373804740976,20.666123430953263,243.6801181877586,0.8834,2,70,1,3,200,100,120.0,3.0,15.0,0.35,0.35,0.3,0.25255474452554744
320,21,464,285,493,296,22.054257710402982,210.39486685753528,21.8895567699047,241.40422531513403,0.8516,2,70,1,3,200,100,120.0,3.0,15.0,0.35,0.35,0.3,0.25255474452554744
320,23,471,286,501,298,21.60552724263848,217.26481537515457,21.630886836517924,249.57563983690395,0.9122,2,70,1,3,200,100,120.0,3.0,15.0,0.35,0.35,0.3,0.25255474452554744
321,21,462,283,490,293,21.750206837325376,207.79316639389276,21.48783133771444,237.507894605632,0.7474,2,70,1,3,200,100,120.0,3.0,15.0,0.35,0.35,0.3,0.25255474452554744
321,23,470,284,498,294,21.209226134222803,215.60380330597138,21.020743165346502,245.3263133053607,0.8172,2,70,1,3,200,100,120.0,3.0,15.0,0.35,0.35,0.3,0.25255474452554744
322,21,463,283,493,295,21.648485171067968,208.72230355187247,21.668984962103927,241.03319273494262,0.891,2,70,1,3,200,100,120.0,3.0,15.0,0.35,0.35,0.3,0.25255474452554744
322,23,471,285,500,296,21.359926772078378,216.8985938174796,21.28640511365909,247.91329129354884,0.8419,2,70,1,3,200,100,120.0,3.0,15.0,0.35,0.35,0.3,0.25255474452554744
323,21,466,286,498,299,22.10164663090323,212.6240814207083,22.10273687845344,247.1639132235934,0.9468,2,70,1,3,200,100,120.0,3.0,15.0,0.35,0.35,0.3,0.25255474452554744
323,23,474,288,507,300,21.80140948635181,220.79175709251467,21.551937422042183,255.8906016249913,0.7724,2,70,1,3,200,100,120.0,3.0,15.0,0.35,0.35,0.3,0.25255474452554744
324,21,466,288,500,301,22.59921037809408,213.3846292496252,22.35518044573563,249.77189593707294,0.7885,1,70,1,3,200,100,120.0,3.0,15.0,0.35,0.35,0.3,0.25255474452554744
325,21,466,290,502,304,23.093202932597624,214.1611542740653,22.811663858708272,252.77064703006954,0.734,2,70,1,3,200,100,120.0,3.0,15.0,0.35,0.35,0.3,0.25255474452554744
325,23,473,291,510,306,22.619864948040426,221.0,22.53540778705149,260.9233603953467,0.9476,2,70,1,3,200,100,120.0,3.0,15.0,0.35,0.35,0.3,0.25255474452554744
326,21,464,292,503,307,23.798709202901073,213.12203077110541,23.346183642912514,254.86663179004034,0.7101,2,70,1,3,200,100,120.0,3.0,15.0,0.35,0.35,0.3,0.25255474452554744
326,23,472,293,512,309,23.19859051364819,220.85742007005334,22.97054881425923,263.928020490436,0.7957,2,70,1,3,200,100,120.0,3.0,15.0,0.35,0.35,0.3,0.25255474452554744
327,21,462,291,503,308,23.76938885995374,210.8885961829136,23.55226367289465,255.26456863419176,0.8302,2,70,1,3,200,100,120.0,3.0,15.0,0.35,0.35,0.3,0.25255474452554744
327,23,469,292,511,309,23.26770481005695,217.70622407271685,23.055565899308164,263.00760445279906,0.8817,2,70,1,3,200,100,120.0,3.0,15.0,0.35,0.35,0.3,0.25255474452554744
328,21,461,291,504,309,23.87937136434486,209.97380789041284,23.667736872111416,256.58137110866016,0.7806,2,70,1,3,200,100,120.0,3.0,15.0,0.35,0.35,0.3,0.25255474452554744
328,23,468,292,512,310,23.372108394778063,216.78791479231492,23.170127634959712,264.31988196123274,0.8565,2,70,1,3,200,100,120.0,3.0,15.0,0.35,0.35,0.3,0.25255474452554744
329,21,457,291,503,311,24.329041618183716,206.3225629929989,24.166629842985486,256.478069237898,0.7962,2,70,1,3,200,100,120.0,3.0,15.0,0.35,0.35,0.3,0.25255474452554744
329,23,465,293,511,312,23.935360293123917,214.44113411377026,23.654213350910236,264.1968962724581,0.661,2,70,1,3,200,100,120.0,3.0,15.0,0.35,0.35,0.3,0.25255474452554744
330,23,461,293,511,313,24.37646861667477,210.79136604709407,23.852558603881313,264.5996976566678,0.5142,1,70,1,3,200,100,120.0,3.0,15.0,0.35,0.35,0.3,0.25255474452554744
331,21,453,286,501,305,23.498565675952097,200.63897926375125,23.109112534052784,252.23996511258878,0.6268,2,70,1,3,200,100,120.0,3.0,15.0,0.35,0.35,0.3,0.25255474452554744
331,23,460,287,509,306,22.981012649980627,207.46565980903924,22.619864948040426,260.0,0.7118,2,70,1,3,200,100,120.0,3.0,15.0,0.35,0.35,0.3,0.25255474452554744
332,21,458,286,519,308,22.941989249972277,205.23401277566055,22.19545952867895,270.0074073057997,0.5541,2,70,1,3,200,100,120.0,3.0,15.0,0.35,0.35,0.3,0.25255474452554744
332,23,466,287,512,306,22.350872654343945,213.00234740490538,22.368275027390176,262.7717640843475,0.7578,2,70,1,3,200,100,120.0,3.0,15.0,0.35,0.35,0.3,0.25255474452554744
333,23,466,285,518,305,21.851537014693356,212.24985276791125,21.682291613244935,267.9589520803513,0.6088,1,70,1,3,200,100,120.0,3.0,15.0,0.35,0.35,0.3,0.25255474452554744
334,23,472,288,539,311,21.99579645728027,218.93606372637652,21.25050550713324,289.69811873741946,0.5635,2,70,1,3,200,100,120.0,3.0,15.0,0.35,0.35,0.3,0.25255474452554744
334,21,479,289,531,309,21.56581961541532,225.80744009000236,21.461267034024225,281.5190934910099,0.7804,2,70,1,3,200,100,120.0,3.0,15.0,0.35,0.35,0.3,0.25255474452554744
335,23,478,288,538,309,21.42228661919375,224.51057881534223,20.95182447986153,288.0451353520833,0.6411,2,70,1,3,200,100,120.0,3.0,15.0,0.35,0.35,0.3,0.25255474452554744
335,21,485,288,546,311,20.788245689030315,231.0411218809327,20.75978281034184,296.23301639081353,0.802,2,70,1,3,200,100,120.0,3.0,15.0,0.35,0.35,0.3,0.25255474452554744
336,21,487,292,554,316,21.529006881839123,234.35016535091245,21.104838584929634,305.49140740780257,0.7266,1,70,1,3,200,100,120.0,3.0,15.0,0.35,0.35,0.3,0.25255474452554744
337,21,487,292,565,319,21.529006881839123,234.35016535091245,20.894693833184103,316.8359196808342,0.6531,1,70,1,3,200,100,120.0,3.0,15.0,0.35,0.35,0.3,0.25255474452554744
338,21,492,298,558,325,22.418892055865452,241.23225323326895,22.380135051959574,312.54119728445403,0.7187,1,70,1,3,200,100,120.0,3.0,15.0,0.35,0.35,0.3,0.25255474452554744
339,21,489,302,563,334,23.574706201912615,240.03333101883996,23.527063947420974,320.6555784638714,0.6695,1,70,1,3,200,100,120.0,3.0,15.0,0.35,0.35,0.3,0.25255474452554744
340,23,477,303,558,338,25.001811672838173,229.5059912072014,24.548427302454893,317.71842880135233,0.583,2,70,1,3,200,100,120.0,3.0,15.0,0.35,0.35,0.3,0.25255474452554744
340,21,484,304,565,339,24.504160481038546,236.28161164170183,24.1955431128227,324.5073188696982,0.6079,2,70,1,3,200,100,120.0,3.0,15.0,0.35,0.35,0.3,0.25255474452554744
341,21,473,303,561,340,25.430629546100985,225.88713996153035,24.650584722624668,321.27869521647403,0.4339,2,70,1,3,200,100,120.0,3.0,15.0,0.35,0.35,0.3,0.25255474452554744
341,23,480,304,554,338,24.912746499426685,232.64780248263682,24.851585859712173,314.08438356594553,0.6846,2,70,1,3,200,100,120.0,3.0,15.0,0.35,0.35,0.3,0.25255474452554744
343,21,473,307,553,345,26.339921571384227,227.6334773270399,26.078818610811464,316.1913977324494,0.5738,1,70,1,3,200,100,120.0,3.0,15.0,0.35,0.35,0.3,0.25255474452554744
344,21,471,307,552,347,26.56505117707799,225.84286572747877,26.484010524596513,316.1803282938393,0.6527,1,70,1,3,200,100,120.0,3.0,15.0,0.35,0.35,0.3,0.25255474452554744
345,21,471,308,553,348,26.791515529419176,226.29184695874486,26.56505117707799,317.52165280497013,0.588,1,70,1,3,200,100,120.0,3.0,15.0,0.35,0.35,0.3,0.25255474452554744
346,21,469,307,552,348,26.793775628803157,224.0557966221807,26.64597736551339,316.6275414426231,0.6172,1,70,1,3,200,100,120.0,3.0,15.0,0.35,0.35,0.3,0.25255474452554744
347,21,471,308,557,351,26.791515529419176,226.29184695874486,26.72398497057749,322.4422428901027,0.6617,1,70,1,3,200,100,120.0,3.0,15.0,0.35,0.35,0.3,0.25255474452554744
348,21,470,309,557,353,27.132317586935926,225.85393509965684,27.04052390952586,323.34656330321496,0.6335,1,70,1,3,200,100,120.0,3.0,15.0,0.35,0.35,0.3,0.25255474452554744
349,21,461,309,552,354,28.211704268683995,217.88299612406655,27.60813639188339,319.363429340305,0.5301,1,70,1,3,200,100,120.0,3.0,15.0,0.35,0.35,0.3,0.25255474452554744
350,21,460,307,547,351,27.86969847315641,216.06017680266763,27.545767591074277,313.54266057428293,0.5555,1,70,1,3,200,100,120.0,3.0,15.0,0.35,0.35,0.3,0.25255474452554744
351,21,455,305,541,351,28.02450053207026,210.70595625183452,28.061552626918317,308.2352997305792,0.6572,1,70,1,3,200,100,120.0,3.0,15.0,0.35,0.35,0.3,0.25255474452554744
352,21,451,303,538,349,28.056144728790965,206.23530250662714,27.99504530380831,304.64733709651887,0.6482,1,70,1,3,200,100,120.0,3.0,15.0,0.35,0.35,0.3,0.25255474452554744
353,21,454,303,544,349,27.669115822703855,208.88752954640447,27.474431626277134,309.9580616793182,0.603,1,70,1,3,200,100,120.0,3.0,15.0,0.35,0.35,0.3,0.25255474452554744
354,21,458,302,551,348,26.927677851040503,211.98348992315417,26.727361733014682,315.7340653144668,0.6004,1,70,1,3,200,100,120.0,3.0,15.0,0.35,0.35,0.3,0.25255474452554744
357,21,471,305,575,355,26.109428339815942,224.95555116511352,25.96275242256177,340.34835095824985,0.6137,1,70,1,3,200,100,120.0,3.0,15.0,0.35,0.35,0.3,0.25255474452554744
358,21,470,306,577,358,26.45091630909712,224.50167037240502,26.26663835708311,343.4646997873289,0.6022,1,70,1,3,200,100,120.0,3.0,15.0,0.35,0.35,0.3,0.25255474452554744
359,21,466,306,571,358,26.912996977743674,220.92758994747578,26.7166269597463,338.09466130064817,0.5984,2,70,1,3,200,100,120.0,3.0,15.0,0.35,0.35,0.3,0.25255474452554744
359,24,411,388,479,467,52.03794076318467,230.84193726444076,51.17992424918311,334.9940297975473,0.3341,2,70,1,3,200,100,120.0,3.0,15.0,0.35,0.35,0.3,0.25255474452554744
360,21,463,308,563,360,27.73419050498541,219.18029108475972,27.64597536373868,331.89154855163156,0.6312,2,70,1,3,200,100,120.0,3.0,15.0,0.35,0.35,0.3,0.25255474452554744
360,24,410,382,471,468,51.30051323458464,225.51496624392803,52.36805107162218,330.82926110004234,0.2691,2,70,1,3,200,100,120.0,3.0,15.0,0.35,0.35,0.3,0.25255474452554744
361,21,459,306,557,356,27.758540601060023,214.7091055358389,27.512002623851455,324.7214190656354,0.5845,1,70,1,3,200,100,120.0,3.0,15.0,0.35,0.35,0.3,0.25255474452554744
362,21,460,306,553,353,27.634765076362047,215.59452683219953,27.366338507185006,319.7889929312765,0.5745,1,70,1,3,200,100,120.0,3.0,15.0,0.35,0.35,0.3,0.25255474452554744
363,21,463,305,555,350,27.03564247997319,217.8003673091485,26.72509483768399,320.2061835755206,0.5622,1,70,1,3,200,100,120.0,3.0,15.0,0.35,0.35,0.3,0.25255474452554744
364,21,466,304,561,348,26.44859650103259,220.0295434708712,25.933718277433787,324.69678162864506,0.5564,1,70,1,3,200,100,120.0,3.0,15.0,0.35,0.35,0.3,0.25255474452554744
365,21,477,304,566,344,25.227649467428588,229.93042425916585,24.921770522585216,327.4950381303509,0.5602,1,70,1,3,200,100,120.0,3.0,15.0,0.35,0.35,0.3,0.25255474452554744
366,21,479,300,569,337,24.114198539306965,230.07824755939012,23.589289733340983,327.35454785293575,0.5285,1,70,1,3,200,100,120.0,3.0,15.0,0.35,0.35,0.3,0.25255474452554744
367,21,483,302,571,339,24.160915123324298,234.54637068179076,23.768565538266895,329.9893937689513,0.5839,2,70,1,3,200,100,120.0,3.0,15.0,0.35,0.35,0.3,0.25255474452554744
367,25,490,303,578,340,23.69734422251713,241.3503677229434,23.444301901942538,336.80409736225005,0.6223,2,70,1,3,200,100,120.0,3.0,15.0,0.35,0.35,0.3,0.25255474452554744
368,25,496,308,585,346,24.19625258779125,248.86341635523692,23.895161415070366,345.6240732356472,0.6471,1,70,1,3,200,100,120.0,3.0,15.0,0.35,0.35,0.3,0.25255474452554744
369,25,499,309,593,347,24.124080188602434,252.00992043965255,23.517961673692252,353.3511001822408,0.5354,2,70,1,3,200,100,120.0,3.0,15.0,0.35,0.35,0.3,0.25255474452554744
369,21,506,310,586,345,23.692757991876714,258.81460546112925,23.676768769901567,346.13581149600805,0.722,2,70,1,3,200,100,120.0,3.0,15.0,0.35,0.35,0.3,0.25255474452554744
370,25,505,311,585,345,23.985010899327435,258.30408436569485,23.74341794399644,345.2202195700594,0.5679,1,70,1,3,200,100,120.0,3.0,15.0,0.35,0.35,0.3,0.25255474452554744
371,21,499,311,588,347,24.537728476577794,252.83393759541065,23.845729177954464,348.77213191423425,0.528,2,70,1,3,200,100,120.0,3.0,15.0,0.35,0.35,0.3,0.25255474452554744
371,25,506,312,580,345,24.09693326324945,259.6247291765559,24.082032901436573,340.649379861464,0.7699,2,70,1,3,200,100,120.0,3.0,15.0,0.35,0.35,0.3,0.25255474452554744
372,25,499,312,585,346,24.74353782547688,253.25086376950424,23.895161415070366,345.6240732356472,0.4667,2,70,1,3,200,100,120.0,3.0,15.0,0.35,0.35,0.3,0.25255474452554744
372,21,506,313,577,345,24.298071506833388,260.03461308064357,24.289594738823787,337.91271062213684,0.6982,2,70,1,3,200,100,120.0,3.0,15.0,0.35,0.35,0.3,0.25255474452554744
373,25,504,312,576,343,24.27841366299949,257.8003103178893,24.04901228469544,336.18149859859926,0.5847,1,70,1,3,200,100,120.0,3.0,15.0,0.35,0.35,0.3,0.25255474452554744
374,25,493,308,575,340,24.482485897347104,246.13004692641653,23.64901975234641,334.0538878684096,0.4788,2,70,1,3,200,100,120.0,3.0,15.0,0.35,0.35,0.3,0.25255474452554744
374,21,500,309,567,339,24.031492288683413,252.9229131573492,24.05162359388598,326.3326523656497,0.7154,2,70,1,3,200,100,120.0,3.0,15.0,0.35,0.35,0.3,0.25255474452554744
375,21,492,308,572,340,24.57931411569621,245.22030910999194,23.857133691211793,331.30801378777426,0.5381,2,70,1,3,200,100,120.0,3.0,15.0,0.35,0.35,0.3,0.25255474452554744
375,25,500,309,565,338,24.031492288683413,252.9229131573492,24.034288159442582,324.09875038327436,0.7309,2,70,1,3,200,100,120.0,3.0,15.0,0.35,0.35,0.3,0.25255474452554744
376,21,492,306,562,335,24.152918782772176,244.3951718017359,23.762599657211204,320.14059411452337,0.606,2,70,1,3,200,100,120.0,3.0,15.0,0.35,0.35,0.3,0.25255474452554744
376,25,499,307,570,337,23.70773981470754,251.19912420229494,23.519443524966018,328.271229321121,0.689,2,70,1,3,200,100,120.0,3.0,15.0,0.35,0.35,0.3,0.25255474452554744
377,21,494,308,570,338,24.38637110180139,247.04048251248216,23.679286933637172,328.6715685908959,0.5556,2,70,1,3,200,100,120.0,3.0,15.0,0.35,0.35,0.3,0.25255474452554744
377,25,502,309,563,336,23.848308616535192,254.7508586835381,23.853905820592324,321.45917314645106,0.7344,2,70,1,3,200,100,120.0,3.0,15.0,0.35,0.35,0.3,0.25255474452554744
378,21,502,308,563,335,23.642276375083913,254.34818654749634,23.69068940282739,321.05606986942325,0.6767,1,70,1,3,200,100,120.0,3.0,15.0,0.35,0.35,0.3,0.25255474452554744
379,21,492,301,551,324,23.074439506408524,242.39224410034245,22.706370840305922,305.69265611067596,0.6284,1,70,1,3,200,100,120.0,3.0,15.0,0.35,0.35,0.3,0.25255474452554744
380,21,492,300,547,322,22.856623019947538,242.00206610688264,22.64912734565606,301.2308085173228,0.8633,2,70,1,3,200,100,120.0,3.0,15.0,0.35,0.35,0.3,0.25255474452554744
380,25,500,301,555,323,22.35518044573563,249.77189593707294,22.249023657212366,309.00647242412253,0.8518,2,70,1,3,200,100,120.0,3.0,15.0,0.35,0.35,0.3,0.25255474452554744
381,25,496,301,551,322,22.709417515806244,246.07722365143832,22.359694175369402,304.92622058458664,0.7015,2,70,1,3,200,100,120.0,3.0,15.0,0.35,0.35,0.3,0.25255474452554744
381,21,503,302,559,324,22.306205054907643,252.9268669002959,22.14123812013435,313.0878470972644,0.73,2,70,1,3,200,100,120.0,3.0,15.0,0.35,0.35,0.3,0.25255474452554744
382,25,498,301,552,322,22.530979230465444,247.92337525937324,22.288429276524088,305.8512710452582,0.8109,2,70,1,3,200,100,120.0,3.0,15.0,0.35,0.35,0.3,0.25255474452554744
382,21,505,302,559,323,22.135491878100353,254.77833502870686,21.9715270966454,312.712327867003,0.7388,2,70,1,3,200,100,120.0,3.0,15.0,0.35,0.35,0.3,0.25255474452554744
383,25,504,301,557,321,22.01128319791936,253.4758371127315,21.76710064044462,310.1112703530783,0.8299,2,70,1,3,200,100,120.0,3.0,15.0,0.35,0.35,0.3,0.25255474452554744
383,21,511,303,565,323,21.842218439218158,260.71632093139084,21.56741402149005,318.28446396266344,0.7714,2,70,1,3,200,100,120.0,3.0,15.0,0.35,0.35,0.3,0.25255474452554744
384,25,508,302,561,322,21.884027712454696,257.55970181687974,21.665958723290224,314.1973901864877,0.8158,2,70,1,3,200,100,120.0,3.0,15.0,0.35,0.35,0.3,0.25255474452554744
384,21,516,303,569,323,21.44055910310267,265.36390108679063,21.30578361782877,322.0077638815561,0.7266,2,70,1,3,200,100,120.0,3.0,15.0,0.35,0.35,0.3,0.25255474452554744
385,21,511,304,571,325,22.04591346237152,261.0900227890756,21.506410939992403,324.59975354272837,0.6627,2,70,1,3,200,100,120.0,3.0,15.0,0.35,0.35,0.3,0.25255474452554744
385,25,518,305,563,323,21.682291613244935,267.9589520803513,21.700536739317464,316.4253466459348,0.8409,2,70,1,3,200,100,120.0,3.0,15.0,0.35,0.35,0.3,0.25255474452554744
386,25,513,302,563,321,21.476790979540382,262.20602586515815,21.363273830302663,315.69130491668597,0.83,2,70,1,3,200,100,120.0,3.0,15.0,0.35,0.35,0.3,0.25255474452554744
386,21,520,303,571,322,21.129233112778113,269.09106265351886,21.012080144041185,323.5119781399137,0.8859,2,70,1,3,200,100,120.0,3.0,15.0,0.35,0.35,0.3,0.25255474452554744
387,21,511,302,559,320,21.637941229428975,260.34592372457075,21.4599607304857,311.60231064611827,0.842,2,70,1,3,200,100,120.0,3.0,15.0,0.35,0.35,0.3,0.25255474452554744
387,25,518,304,567,322,21.48332376322031,267.5911059807482,21.269059839228525,319.7811751807789,0.8524,2,70,1,3,200,100,120.0,3.0,15.0,0.35,0.35,0.3,0.25255474452554744
388,21,512,303,559,320,21.76074534874146,261.6447973876033,21.4599607304857,311.60231064611827,0.6982,2,70,1,3,200,100,120.0,3.0,15.0,0.35,0.35,0.3,0.25255474452554744
388,25,520,304,567,322,21.327575110265478,269.45314991664134,21.269059839228525,319.7811751807789,0.8882,2,70,1,3,200,100,120.0,3.0,15.0,0.35,0.35,0.3,0.25255474452554744
389,21,515,305,563,323,21.921778593959143,265.1735280905694,21.700536739317464,316.4253466459348,0.7953,2,70,1,3,200,100,120.0,3.0,15.0,0.35,0.35,0.3,0.25255474452554744
389,25,523,306,571,324,21.489598798599,272.97618943783357,21.342003001237305,324.2344830520036,0.8131,2,70,1,3,200,100,120.0,3.0,15.0,0.35,0.35,0.3,0.25255474452554744
390,21,516,305,562,323,21.84139257791673,266.101484400219,21.767686253334276,315.49643421122846,0.7861,2,70,1,3,200,100,120.0,3.0,15.0,0.35,0.35,0.3,0.25255474452554744
390,25,523,306,570,324,21.489598798599,272.97618943783357,21.40649939647195,323.3032632065442,0.7528,2,70,1,3,200,100,120.0,3.0,15.0,0.35,0.35,0.3,0.25255474452554744
391,21,519,307,565,324,21.99870822273615,269.6312296452323,21.73463121878805,318.6534167398806,0.691,2,70,1,3,200,100,120.0,3.0,15.0,0.35,0.35,0.3,0.25255474452554744
391,25,527,308,572,325,21.5713071912546,277.4310725207254,21.441885639949838,325.53033652794943,0.8046,2,70,1,3,200,100,120.0,3.0,15.0,0.35,0.35,0.3,0.25255474452554744
392,21,522,307,565,323,21.76235306464858,272.41512439657237,21.56741402149005,318.28446396266344,0.8268,2,70,1,3,200,100,120.0,3.0,15.0,0.35,0.35,0.3,0.25255474452554744
392,25,530,308,573,324,21.345786649089764,280.22312538404105,21.21411568699409,326.0981447355995,0.7854,2,70,1,3,200,100,120.0,3.0,15.0,0.35,0.35,0.3,0.25255474452554744
393,21,526,307,564,320,21.454633616046763,276.1340254296815,21.12855986060709,316.26096818924714,0.5395,2,70,1,3,200,100,120.0,3.0,15.0,0.35,0.35,0.3,0.25255474452554744
393,25,533,307,572,322,20.935639033052464,282.66057383370605,20.94875905909975,324.4456811239749,0.8484,2,70,1,3,200,100,120.0,3.0,15.0,0.35,0.35,0.3,0.25255474452554744
394,21,528,308,566,322,21.495631044465494,278.36127604248406,21.334244001524787,318.8494942759044,0.814,2,70,1,3,200,100,120.0,3.0,15.0,0.35,0.35,0.3,0.25255474452554744
394,25,536,309,574,323,21.095008025201153,286.1782661209617,20.987141122342543,326.67108840544796,0.8687,2,70,1,3,200,100,120.0,3.0,15.0,0.35,0.35,0.3,0.25255474452554744
395,21,530,310,567,323,21.725671553581133,280.95729212818094,21.43583812781359,320.1452795216572,0.5591,2,70,1,3,200,100,120.0,3.0,15.0,0.35,0.35,0.3,0.25255474452554744
395,25,537,310,575,324,21.209226134222803,287.4717377412952,21.087682448249115,327.96341259353915,0.8234,2,70,1,3,200,100,120.0,3.0,15.0,0.35,0.35,0.3,0.25255474452554744
396,21,530,309,565,322,21.535977595292543,280.58866691297425,21.39981013208223,317.91822848021786,0.7539,2,70,1,3,200,100,120.0,3.0,15.0,0.35,0.35,0.3,0.25255474452554744
396,25,537,309,573,323,21.023183498960496,287.1114766079545,21.05013958583294,325.7376244771242,0.9741,2,70,1,3,200,100,120.0,3.0,15.0,0.35,0.35,0.3,0.25255474452554744
397,21,529,308,564,321,21.420459119209898,279.29196193231195,21.29735404903376,316.62280397975127,0.8839,2,70,1,3,200,100,120.0,3.0,15.0,0.35,0.35,0.3,0.25255474452554744
397,25,537,310,572,323,21.209226134222803,287.4717377412952,21.113500078365256,324.8045566182839,0.8353,2,70,1,3,200,100,120.0,3.0,15.0,0.35,0.35,0.3,0.25255474452554744
398,21,528,309,563,322,21.68689442328589,278.72925931807015,21.532101107656338,316.0569568922665,0.8275,2,70,1,3,200,100,120.0,3.0,15.0,0.35,0.35,0.3,0.25255474452554744
398,25,536,311,570,324,21.467651439098987,286.90416518412553,21.40649939647195,323.3032632065442,0.843,2,70,1,3,200,100,120.0,3.0,15.0,0.35,0.35,0.3,0.25255474452554744
399,21,526,309,559,321,21.83983723344909,276.87181149405586,21.630886836517924,311.96954979612997,0.7962,2,70,1,3,200,100,120.0,3.0,15.0,0.35,0.35,0.3,0.25255474452554744
399,25,534,310,567,323,21.427665410301483,284.6770099604111,21.43583812781359,320.1452795216572,0.948,2,70,1,3,200,100,120.0,3.0,15.0,0.35,0.35,0.3,0.25255474452554744
400,21,525,307,554,318,21.53078366043852,275.2035610234722,21.453956016563453,306.2172431461037,0.7535,2,70,1,3,200,100,120.0,3.0,15.0,0.35,0.35,0.3,0.25255474452554744
400,25,532,308,562,319,21.197921289598014,282.0868660537034,21.089907699899115,314.03502989316337,0.8051,2,70,1,3,200,100,120.0,3.0,15.0,0.35,0.35,0.3,0.25255474452554744
401,21,527,307,550,316,21.378995172909637,277.0649743291274,21.37830988227345,301.7631521574495,0.8897,1,70,1,3,200,100,120.0,3.0,15.0,0.35,0.35,0.3,0.25255474452554744
402,21,523,306,552,316,21.489598798599,272.97618943783357,21.240734739916718,303.6264151881387,0.6706,2,70,1,3,200,100,120.0,3.0,15.0,0.35,0.35,0.3,0.25255474452554744
402,25,531,307,559,318,21.08146073261355,280.79351844371337,21.116904664463398,310.87618113969427,0.8725,2,70,1,3,200,100,120.0,3.0,15.0,0.35,0.35,0.3,0.25255474452554744
403,21,527,306,552,315,21.186176440399137,276.702005775166,21.064639706876083,303.2655601943617,0.7352,2,70,1,3,200,100,120.0,3.0,15.0,0.35,0.35,0.3,0.25255474452554744
403,25,534,306,560,316,20.67442476087389,283.24018076537095,20.706936690377127,311.0964480671549,0.8728,2,70,1,3,200,100,120.0,3.0,15.0,0.35,0.35,0.3,0.25255474452554744
404,21,525,305,550,314,21.142420784348563,274.4758641483801,21.023846399038135,301.0398644698074,0.8575,2,70,1,3,200,100,120.0,3.0,15.0,0.35,0.35,0.3,0.25255474452554744
404,25,533,306,557,315,20.74608027568341,282.3047998175022,20.730262180236654,307.9366818032564,0.884,2,70,1,3,200,100,120.0,3.0,15.0,0.35,0.35,0.3,0.25255474452554744
405,21,525,306,550,315,21.336859291805652,274.83813418083014,21.201290797098927,301.40006635699336,0.7117,2,70,1,3,200,100,120.0,3.0,15.0,0.35,0.35,0.3,0.25255474452554744
405,25,533,307,558,316,20.935639033052464,282.66057383370605,20.83796767321454,309.2264542370203,0.7715,2,70,1,3,200,100,120.0,3.0,15.0,0.35,0.35,0.3,0.25255474452554744
406,21,524,303,547,311,20.826422266487356,272.8259518447613,20.691442634768453,297.1683024819437,0.7067,2,70,1,3,200,100,120.0,3.0,15.0,0.35,0.35,0.3,0.25255474452554744
406,25,532,304,555,313,20.436579630588948,280.6652810733811,20.512123588084826,305.3604427557702,0.7724,2,70,1,3,200,100,120.0,3.0,15.0,0.35,0.35,0.3,0.25255474452554744
407,21,520,297,543,305,19.928102590464622,266.98689106396216,19.865490717433104,291.3365751154496,0.9229,2,70,1,3,200,100,120.0,3.0,15.0,0.35,0.35,0.3,0.25255474452554744
407,25,528,298,550,306,19.55566692045674,274.85450696686786,19.589214500963283,298.2633064927699,0.8384,2,70,1,3,200,100,120.0,3.0,15.0,0.35,0.35,0.3,0.25255474452554744
408,21,519,297,542,305,20.001505936653846,266.04698833100895,19.932536561939525,290.3962809679215,0.8348,2,70,1,3,200,100,120.0,3.0,15.0,0.35,0.35,0.3,0.25255474452554744
408,25,527,298,550,306,19.625682714779344,273.91239475423527,19.589214500963283,298.2633064927699,0.8655,2,70,1,3,200,100,120.0,3.0,15.0,0.35,0.35,0.3,0.25255474452554744
409,21,519,298,541,306,20.20361516832514,266.39069052802876,20.18580300946485,289.7999309868793,0.9456,1,70,1,3,200,100,120.0,3.0,15.0,0.35,0.35,0.3,0.25255474452554744
410,21,518,295,541,302,19.66839942774986,264.42768387595123,19.44003482817619,288.44410203711914,0.625,2,70,1,3,200,100,120.0,3.0,15.0,0.35,0.35,0.3,0.25255474452554744
410,25,526,296,548,303,19.299976163545654,272.3031399011036,19.17104253447971,295.3811097548386,0.7893,2,70,1,3,200,100,120.0,3.0,15.0,0.35,0.35,0.3,0.25255474452554744
411,21,518,294,541,301,19.464103627227992,264.09278672466615,19.252505992283385,288.11282512238154,0.7097,2,70,1,3,200,100,120.0,3.0,15.0,0.35,0.35,0.3,0.25255474452554744
411,25,526,295,548,303,19.101148793105153,271.97426348829407,19.17104253447971,295.3811097548386,0.7831,2,70,1,3,200,100,120.0,3.0,15.0,0.35,0.35,0.3,0.25255474452554744
412,21,520,296,543,303,19.726094175519343,266.6477076593759,19.494706356920393,290.66303514551004,0.6193,2,70,1,3,200,100,120.0,3.0,15.0,0.35,0.35,0.3,0.25255474452554744
412,25,528,297,551,305,19.35899417569472,274.5214017157861,19.34432927212115,298.8728826775691,0.8644,2,70,1,3,200,100,120.0,3.0,15.0,0.35,0.35,0.3,0.25255474452554744
413,21,522,293,545,300,18.976736735834393,267.54065111679756,18.8078011270346,291.5681738461864,0.7233,2,70,1,3,200,100,120.0,3.0,15.0,0.35,0.35,0.3,0.25255474452554744
413,25,530,294,553,302,18.632292862905924,275.4360179787676,18.676701732190114,299.7865907608277,0.9073,2,70,1,3,200,100,120.0,3.0,15.0,0.35,0.35,0.3,0.25255474452554744
414,21,522,286,553,294,17.547242584723463,265.34694269955327,17.216073587790714,297.3213749463701,0.5209,2,70,1,3,200,100,120.0,3.0,15.0,0.35,0.35,0.3,0.25255474452554744
414,25,530,287,546,292,17.241459398939973,273.28007611240156,17.247965107951767,290.0431002454635,0.7552,2,70,1,3,200,100,120.0,3.0,15.0,0.35,0.35,0.3,0.25255474452554744
415,21,526,280,557,289,16.063106633132794,267.44158240632663,16.076687558185323,299.7215374309961,0.9478,2,70,1,3,200,100,120.0,3.0,15.0,0.35,0.35,0.3,0.25255474452554744
415,25,534,282,549,286,16.00249182573351,275.6827887264637,15.945395900922854,291.20439557122074,0.6628,2,70,1,3,200,100,120.0,3.0,15.0,0.35,0.35,0.3,0.25255474452554744
416,21,536,273,559,279,14.086724317871482,275.2780412601049,14.129180579464615,299.0468190768797,0.9,1,70,1,3,200,100,120.0,3.0,15.0,0.35,0.35,0.3,0.25255474452554744
418,21,540,259,564,263,11.065775800577152,276.1340254296815,10.935944446622761,300.45631962067296,0.7525,1,70,1,3,200,100,120.0,3.0,15.0,0.35,0.35,0.3,0.25255474452554744
419,25,531,252,555,256,9.958070598460985,266.00751869073173,9.91652612090726,290.33773437154184,0.9272,2,70,1,3,200,100,120.0,3.0,15.0,0.35,0.35,0.3,0.25255474452554744
419,21,539,253,562,257,9.874762207080384,274.0602123621742,9.874059251757403,297.40544715926103,0.9291,2,70,1,3,200,100,120.0,3.0,15.0,0.35,0.35,0.3,0.25255474452554744
420,21,531,246,562,251,8.68041842507129,265.03584663211126,8.731467269414203,296.4354904528134,0.8245,1,70,1,3,200,100,120.0,3.0,15.0,0.35,0.35,0.3,0.25255474452554744
421,21,530,241,537,242,7.637776946023641,263.3362869032675,7.650650955359411,270.4071004984891,0.7666,1,70,1,3,200,100,120.0,3.0,15.0,0.35,0.35,0.3,0.25255474452554744
422,21,531,234,554,236,6.100059960321657,263.4919353604584,6.009005957494525,286.574597618142,0.8302,1,70,1,3,200,100,120.0,3.0,15.0,0.35,0.35,0.3,0.25255474452554744
423,21,533,228,564,231,4.763641690726178,264.9150807334305,4.84400037508068,296.05742686174926,0.7927,1,70,1,3,200,100,120.0,3.0,15.0,0.35,0.35,0.3,0.25255474452554744
425,21,539,220,564,220,2.968234029871715,270.36271932350434,2.7170831345057693,295.33201655086435,0.6539,1,70,1,3,200,100,120.0,3.0,15.0,0.35,0.35,0.3,0.25255474452554744
426,21,543,213,568,213,1.4634424632546126,274.0894014733149,1.3411277797171879,299.0819285747636,0.8457,1,70,1,3,200,100,120.0,3.0,15.0,0.35,0.35,0.3,0.25255474452554744
427,21,544,211,569,211,1.0416266760099742,275.04545078950133,0.9548412538721887,300.04166377354994,0.8262,1,70,1,3,200,100,120.0,3.0,15.0,0.35,0.35,0.3,0.25255474452554744
428,21,546,208,572,207,0.41368075021936446,277.0072201225087,0.18909429534375977,303.00165016052307,0.7209,1,70,1,3,200,100,120.0,3.0,15.0,0.35,0.35,0.3,0.25255474452554744
429,21,549,206,582,207,0.0,280.0,0.18305298584346993,313.0015974400131,0.7701,1,70,1,3,200,100,120.0,3.0,15.0,0.35,0.35,0.3,0.25255474452554744
430,21,548,202,573,201,359.17861140738773,279.0286723618202,359.057720166483,304.04111564063174,0.7495,1,70,1,3,200,100,120.0,3.0,15.0,0.35,0.35,0.3,0.25255474452554744
432,21,536,192,560,190,356.99847567230086,267.36678926149375,356.8528853959064,291.4395306062649,0.6961,1,70,1,3,200,100,120.0,3.0,15.0,0.35,0.35,0.3,0.25255474452554744
433,21,534,189,558,187,356.32945136728387,265.5447231635379,356.23856252298464,289.62389404191083,0.8181,1,70,1,3,200,100,120.0,3.0,15.0,0.35,0.35,0.3,0.25255474452554744
435,21,534,198,558,196,358.2708412558407,265.1207272168662,358.01823774704417,289.1729586251107,0.6398,1,70,1,3,200,100,120.0,3.0,15.0,0.35,0.35,0.3,0.25255474452554744
436,21,537,206,561,205,0.0,268.0,359.8037823441061,292.00171232374646,0.6956,1,70,1,3,200,100,120.0,3.0,15.0,0.35,0.35,0.3,0.25255474452554744
437,21,539,219,563,219,2.756556871536522,270.31278179176064,2.5318376224500367,294.2872746144488,0.7138,1,70,1,3,200,100,120.0,3.0,15.0,0.35,0.35,0.3,0.25255474452554744
439,26,551,261,576,266,11.03616632768413,287.31341771661135,11.0584792566912,312.80824797309936,0.9199,1,70,1,3,200,100,120.0,3.0,15.0,0.35,0.35,0.3,0.25255474452554744
440,26,551,283,577,289,15.272309155441175,292.32345099221857,15.08182982405794,318.9874605685935,0.7454,1,70,1,3,200,100,120.0,3.0,15.0,0.35,0.35,0.3,0.25255474452554744
441,26,550,298,576,307,18.1285572006513,295.67718883945037,18.2107003416983,323.18725222384626,0.8599,1,70,1,3,200,100,120.0,3.0,15.0,0.35,0.35,0.3,0.25255474452554744
442,26,574,323,582,326,20.987141122342543,326.67108840544796,20.97615339251263,335.2148564726808,0.6746,1,70,1,3,200,100,120.0,3.0,15.0,0.35,0.35,0.3,0.25255474452554744
445,27,518,361,540,375,31.901849205281238,293.3018922543801,31.948334657888722,319.3775195595332,0.773,1,70,1,3,200,100,120.0,3.0,15.0,0.35,0.35,0.3,0.25255474452554744
448,28,469,382,486,398,41.34777721969367,266.4132128855474,41.50216489322751,289.74644087546613,0.7338,1,70,1,3,200,100,120.0,3.0,15.0,0.35,0.35,0.3,0.25255474452554744
449,28,457,384,474,401,43.43493091440774,258.897663179875,43.56790381583536,282.93108701590216,0.7731,1,70,1,3,200,100,120.0,3.0,15.0,0.35,0.35,0.3,0.25255474452554744
451,29,414,391,429,408,51.91122711902468,235.05318547086316,51.61798728798703,257.68973592287296,0.5308,1,70,1,3,200,100,120.0,3.0,15.0,0.35,0.35,0.3,0.25255474452554744
452,29,411,391,424,408,52.491325104377154,233.21449354617735,52.500009206965046,254.61539623518448,0.9588,2,70,1,3,200,100,120.0,3.0,15.0,0.35,0.35,0.3,0.25255474452554744
452,30,419,392,432,408,51.115503566285405,238.94769302087852,51.09887520856911,259.5630944491146,0.9806,2,70,1,3,200,100,120.0,3.0,15.0,0.35,0.35,0.3,0.25255474452554744
453,29,412,389,426,405,51.995192297258,232.24555969921147,51.728512093768686,253.4758371127315,0.6316,2,70,1,3,200,100,120.0,3.0,15.0,0.35,0.35,0.3,0.25255474452554744
453,30,420,390,433,406,50.62591129033174,238.0273093575609,50.648247373735266,258.6426105652354,0.8126,2,70,1,3,200,100,120.0,3.0,15.0,0.35,0.35,0.3,0.25255474452554744
454,29,415,387,428,403,51.109316785236885,232.54461937443318,51.092771657336066,253.16002844051033,0.8526,2,70,1,3,200,100,120.0,3.0,15.0,0.35,0.35,0.3,0.25255474452554744
454,30,423,388,436,404,49.76364169072618,238.41140912296962,49.85456667823671,259.02316498722655,0.8652,2,70,1,3,200,100,120.0,3.0,15.0,0.35,0.35,0.3,0.25255474452554744
455,29,419,384,432,399,49.879273783006724,232.7745690577044,49.81691529649263,252.62224763468478,0.8699,2,70,1,3,200,100,120.0,3.0,15.0,0.35,0.35,0.3,0.25255474452554744
455,30,427,385,440,400,48.565749527618586,238.75719884434898,48.605651673912256,258.6058777367599,0.8354,2,70,1,3,200,100,120.0,3.0,15.0,0.35,0.35,0.3,0.25255474452554744
456,29,420,383,434,399,49.53226170870146,232.65854809140367,49.47213006428441,253.91730937452846,0.8111,2,70,1,3,200,100,120.0,3.0,15.0,0.35,0.35,0.3,0.25255474452554744
456,30,428,384,442,399,48.22690963228669,238.6734170367534,48.127806121286156,259.18719104153274,0.8205,2,70,1,3,200,100,120.0,3.0,15.0,0.35,0.35,0.3,0.25255474452554744
457,29,421,383,435,398,49.345431749229085,233.30880823492285,49.15385308695119,253.81095327034254,0.6291,2,70,1,3,200,100,120.0,3.0,15.0,0.35,0.35,0.3,0.25255474452554744
457,30,429,383,443,399,47.887843634761296,238.5979882563975,47.96362065740187,259.8557292037257,0.7867,2,70,1,3,200,100,120.0,3.0,15.0,0.35,0.35,0.3,0.25255474452554744
458,29,422,382,436,398,48.998973843946814,233.20591759215716,48.98352581385067,254.46610776290032,0.9831,2,70,1,3,200,100,120.0,3.0,15.0,0.35,0.35,0.3,0.25255474452554744
458,30,430,383,443,398,47.71020310017459,239.26972228010797,47.81555668421123,259.1138745802702,0.834,2,70,1,3,200,100,120.0,3.0,15.0,0.35,0.35,0.3,0.25255474452554744
459,29,422,382,436,398,48.998973843946814,233.20591759215716,48.98352581385067,254.46610776290032,0.9331,2,70,1,3,200,100,120.0,3.0,15.0,0.35,0.35,0.3,0.25255474452554744
459,30,430,383,444,398,47.71020310017459,239.26972228010797,47.65213213903726,259.7864507629295,0.8682,2,70,1,3,200,100,120.0,3.0,15.0,0.35,0.35,0.3,0.25255474452554744
